4,1,10,155,19,135,180,92,156,470,18,468,113,55,799,179,76,457
11,1,10,478,92,570,240,60,118,180,99,469,404,404,404,369,84,158
18,1,10,120,32,660,270,99,568,147,28,170,370,9,900,237,29,379
25,1,10,567,86,330,404,404,404,340,77,188,126,99,180,348,57,133
1,2,10,134,89,126,137,13,139,125,86,240,147,24,356,280,9,478
8,2,10,158,40,235,144,99,469,370,1,344,145,8,468,148,36,448
15,2,10,137,16,466,800,81,588,470,16,790,130,46,277,119,13,670
22,2,10,146,13,148,380,19,379,357,51,579,259,60,145,460,7,250
1,3,10,404,404,404,180,96,790,780,56,150,378,84,789,260,87,458
8,3,10,900,98,116,127,4,130,227,14,130,456,53,157,167,47,700
15,3,10,780,52,390,589,20,127,149,42,570,446,41,380,179,79,667
22,3,10,125,86,268,249,51,380,139,37,566,469,91,137,336,23,346
29,3,10,137,18,224,259,62,480,588,10,226,130,49,117,569,7,250
5,4,10,248,45,456,460,5,113,136,7,179,350,85,348,358,66,114
12,4,10,338,45,500,127,7,278,190,2,147,336,29,289,236,18,800
19,4,10,268,66,259,890,73,229,789,42,156,389,3,788,160,75,113
26,4,10,270,90,370,569,2,147,277,61,335,259,67,340,278,73,247
3,5,10,340,71,489,378,88,260,468,85,168,170,87,368,234,91,128
10,5,10,899,60,569,330,65,168,900,90,127,180,96,880,135,94,248
17,5,10,340,72,570,256,39,559,390,27,700,566,71,669,390,20,668
24,5,10,239,49,478,348,51,128,136,3,670,237,21,128,358,68,350
31,5,10,230,58,378,267,55,267,340,75,249,239,44,770,149,47,368
7,6,10,289,97,700,290,11,560,300,39,478,140,55,168,266,48,189
14,6,10,149,47,359,128,11,236,339,53,490,268,68,459,114,62,246
21,6,10,159,55,249,199,99,360,680,47,250,588,17,377,390,22,246
28,6,10,356,42,129,288,84,158,224,80,389,480,27,467,370,2,688
5,7,10,404,404,404,250,71,399,347,48,260,123,60,479,119,15,249
12,7,10,380,14,130,244,9,289,370,6,790,289,97,340,689,33,490
19,7,10,158,49,379,229,38,990,240,67,133,168,54,400,128,17,269
26,7,10,458,71,236,129,26,178,147,20,118,278,74,149,670,39,469
2,8,10,267,57,179,280,0,145,269,75,780,380,15,140,158,42,147
9,8,10,499,22,110,299,5,456,169,66,123,129,26,790,550,3,355
16,8,10,459,88,440,147,28,170,136,9,577,134,87,278,347,48,990
23,8,10,566,75,456,404,404,404,139,36,123,256,31,245,189,80,235
30,8,10,224,87,359,489,14,446,190,5,230,346,31,290,460,9,129
6,9,10,249,53,670,130,40,226,256,31,579,690,56,169,404,404,404
13,9,10,140,51,489,577,96,277,389,9,379,118,4,680,489,16,240
20,9,10,380,17,890,124,75,348,790,64,680,345,28,350,259,64,239
27,9,10,779,35,168,268,68,189,223,70,460,260,87,278,340,74,248
4,10,10,238,37,449,267,52,200,390,23,157,129,27,566,123,62,129
11,10,10,177,55,258,280,6,600,446,43,445,156,23,580,579,11,245
18,10,10,129,25,366,349,66,178,170,88,378,347,45,113,168,56,178
25,10,10,456,53,300,380,13,670,140,52,345,678,13,238,234,90,488
8,11,10,404,404,404,389,3,157,577,99,568,126,92,110,580,32,336
15,11,10,234,91,669,447,50,244,289,93,256,388,93,148,236,14,356
22,11,10,136,6,268,269,77,359,450,93,238,258,51,290,125,83,779
29,11,10,490,37,890,220,40,668,236,13,120,588,14,789,780,56,114
6,12,10,137,12,336,368,75,168,348,55,140,359,70,235,789,40,127
13,12,10,290,18,288,779,31,489,124,77,458,669,12,147,404,404,404
20,12,10,148,37,458,677,1,245,200,24,680,230,51,236,117,58,468
27,12,10,145,3,256,390,29,360,138,27,368,567,83,247,689,30,280
3,1,11,346,38,477,139,36,169,125,86,457,155,19,478,557,77,359
10,1,11,566,71,137,580,34,130,667,98,238,346,38,350,404,404,404
17,1,11,380,13,788,470,17,449,689,30,136,138,29,360,557,73,670
24,1,11,158,49,199,347,46,457,404,404,404,660,25,447,689,37,133
31,1,11,145,1,579,669,17,890,135,96,457,369,89,135,118,2,110
7,2,11,370,5,780,117,96,259,345,22,345,599,34,680,679,24,446
14,2,11,270,90,479,379,99,568,400,49,469,360,95,500,168,58,233
21,2,11,245,19,135,160,76,123,230,53,580,136,4,167,578,1,470
28,2,11,560,14,356,145,4,770,477,86,169,468,82,778,169,62,679
7,3,11,379,99,478,378,89,270,129,26,240,357,55,168,290,12,778
14,3,11,233,83,256,157,32,129,160,70,233,338,41,344,590,41,137
21,3,11,440,87,278,344,18,558,124,78,459,589,26,114,599,30,235
28,3,11,257,49,234,669,18,170,138,24,338,199,94,257,367,61,489
4,4,11,350,89,559,479,6,600,348,55,456,480,27,458,560,15,267
11,4,11,456,55,690,150,64,400,158,46,600,688,26,349,160,79,900
18,4,11,349,61,470,440,86,178,450,95,348,389,2,110,455,41,560
25,4,11,350,80,677,690,55,230,134,83,490,670,33,346,567,89,234
2,5,11,135,96,178,570,28,134,456,54,257,257,43,120,130,43,580
9,5,11,146,12,237,188,71,236,600,65,500,227,18,459,278,75,267
16,5,11,279,82,679,378,80,578,190,2,119,190,3,779,170,80,244
23,5,11,234,95,339,278,76,150,458,78,558,225,91,399,258,56,150
30,5,11,478,91,335,236,18,350,159,58,378,115,73,599,127,3,445
6,6,11,660,25,249,289,91,669,133,71,137,247,34,789,467,70,145
13,6,11,489,19,379,567,86,268,440,82,345,449,73,157,289,97,278
20,6,11,150,67,179,178,67,340,790,64,257,450,93,670,678,15,159
27,6,11,249,54,167,600,62,679,126,91,128,300,35,366,167,40,235
4,7,11,399,18,288,680,40,479,139,32,156,460,9,388,200,24,400
11,7,11,679,27,269,258,51,146,238,35,456,267,56,349,445,32,147
18,7,11,358,69,180,278,74,347,789,45,122,280,3,346,380,16,367
25,7,11,188,79,667,500,52,129,378,86,448,234,94,590,377,73,580
1,8,11,360,94,220,290,12,570,400,47,160,147,27,368,358,68,125
8,8,11,150,60,244,456,57,458,460,2,345,790,67,340,168,57,160
15,8,11,404,404,404,166,38,260,370,8,125,335,11,470,379,94,130
22,8,11,579,12,660,277,60,550,347,41,669,348,52,499,680,49,450
29,8,11,579,11,128,377,70,334,404,404,404,404,404,404,404,404,404
5,9,11,570,24,167,268,69,126,480,28,224,360,98,468,245,13,346
12,9,11,117,95,690,349,60,280,567,82,147,448,63,166,458,72,147
19,9,11,369,84,149,580,31,227,360,99,144,116,88,567,690,53,599
26,9,11,268,61,678,120,33,148,679,27,368,680,47,250,457,65,168
3,10,11,168,53,670,248,46,240,370,4,239,404,404,404,123,66,457
10,10,11,569,0,190,235,8,288,170,87,160,235,2,138,568,78,279
17,10,11,189,88,125,358,68,233,138,24,356,480,23,120,358,62,156
31,10,11,136,4,770,479,8,233,267,54,167,280,5,339,279,87,269
7,11,11,378,84,167,788,38,369,112,45,168,366,54,400,660,25,249
14,11,11,160,78,134,179,71,560,145,0,677,170,89,126,790,62,390
21,11,11,368,73,157,490,35,230,779,39,199,150,68,378,135,99,568
28,11,11,278,73,229,880,66,169,348,57,368,469,97,368,257,43,238
5,12,11,460,1,489,468,84,149,250,72,110,450,95,780,135,93,247
12,12,11,690,54,130,270,96,150,458,70,145,280,0,127,330,62,679
19,12,11,359,79,117,226,5,357,259,60,126,390,27,160,256,30,370
26,12,11,117,97,278,469,91,380,155,14,446,699,49,900,344,14,158
2,1,12,569,6,600,770,41,560,270,92,138,236,15,230,889,56,448
9,1,12,157,39,469,189,84,158,568,98,260,690,51,470,238,35,177
16,1,12,690,58,134,157,31,678,190,8,567,258,50,370,112,46,790
23,1,12,180,91,290,138,21,470,370,2,345,404,404,404,140,58,378
30,1,12,170,89,289,478,95,230,247,39,270,157,36,790,378,88,369
6,2,12,478,91,588,135,98,170,466,66,123,668,0,145,569,0,127
13,2,12,457,63,599,249,55,348,290,16,268,579,12,156,790,60,479
20,2,12,590,48,189,256,34,266,567,80,370,567,88,666,155,18,170
27,2,12,126,93,247,267,55,339,160,76,556,367,64,347,129,27,890
5,3,12,689,32,688,380,16,880,233,89,126,404,404,404,456,56,178
12,3,12,257,44,239,148,30,578,347,43,599,178,64,699,779,37,124
19,3,12,368,74,220,345,23,238,136,0,578,789,42,589,136,8,260
26,3,12,778,24,149,389,4,770,120,32,679,599,31,588,139,30,460
2,4,12,369,80,127,577,95,690,368,73,337,678,14,167,123,63,580
9,4,12,569,6,169,355,37,223,136,6,259,460,2,390,150,62,679
16,4,12,220,41,470,129,28,800,347,42,147,235,9,568,360,97,340
23,4,12,178,66,457,357,53,788,347,43,157,569,9,360,236,14,455
30,4,12,147,25,168,679,25,140,489,15,799,679,25,267,240,69,379
7,5,12,114,62,156,160,78,459,128,17,179,178,63,689,234,94,239
14,5,12,160,70,389,559,93,229,589,20,668,158,46,240,256,31,146
21,5,12,280,5,267,257,44,158,770,48,233,137,13,346,127,1,236
28,5,12,180,98,567,780,56,123,389,5,258,589,21,290,678,15,267
4,6,12,189,83,157,340,74,356,126,90,578,280,6,240,237,25,230
11,6,12,459,83,247,167,46,123,237,25,348,239,49,126,129,29,180
18,6,12,334,9,568,345,25,258,379,97,359,150,69,234,570,27,890
25,6,12,679,26,330,350,85,168,390,20,389,166,34,149,126,90,280
2,7,12,179,78,440,600,68,170,356,46,259,335,16,448,700,74,239
9,7,12,138,20,280,226,4,158,680,45,249,489,10,127,380,18,125
16,7,12,789,47,124,579,12,147,678,16,880,457,68,378,440,84,112
23,7,12,344,16,268,349,61,560,390,26,114,138,21,579,780,51,236
30,7,12,469,99,126,267,58,378,170,83,670,404,404,404,340,77,700
6,8,12,139,39,234,440,83,148,270,99,135,147,29,180,277,65,140
13,8,12,469,97,890,117,93,247,404,404,404,570,29,469,468,88,170
20,8,12,404,404,404,368,75,258,288,83,247,569,4,220,236,16,899
27,8,12,170,80,235,699,10,136,337,39,900,160,74,400,350,88,260
3,9,12,459,82,336,247,35,780,260,88,477,346,37,890,168,53,256
10,9,12,390,25,889,115,70,677,778,28,189,149,44,680,478,95,168
17,9,12,580,37,223,380,12,390,239,46,123,567,89,568,248,46,277
24,9,12,600,68,477,158,47,250,145,2,138,700,72,255,270,98,170
1,10,12,589,28,260,278,70,235,568,96,178,380,19,289,790,67,269
8,10,12,336,26,349,580,36,178,699,40,668,248,40,334,680,43,238
15,10,12,379,94,130,288,89,667,177,57,700,369,85,780,128,13,300
22,10,12,340,74,680,350,88,279,404,404,404,378,88,134,160,71,290
29,10,12,899,66,240,248,41,227,238,30,127,190,2,345,136,3,148
5,11,12,179,77,278,128,19,234,299,9,478,238,31,470,279,82,390
19,11,12,149,44,239,669,15,357,579,15,889,667,97,179,157,35,780
26,11,12,180,98,800,150,63,779,129,23,148,124,70,488,470,19,559
3,12,12,789,43,337,112,41,236,160,74,257,449,73,300,249,58,116
10,12,12,258,54,130,130,40,370,489,18,558,267,51,399,120,39,388
17,12,12,234,95,357,450,92,200,236,14,789,266,41,227,457,65,456
24,12,12,458,77,269,388,99,199,789,42,678,339,55,799,149,43,788
31,12,12,240,65,258,150,61,137,470,12,570,590,43,599,479,8,116
7,1,13,147,27,467,170,81,380,567,82,147,390,28,134,480,27,223
14,1,13,404,404,404,236,2,390,556,60,389,167,45,267,128,15,258
21,1,13,567,83,599,569,2,138,120,32,255,590,48,369,245,11,380
28,1,13,146,15,267,269,79,568,370,8,378,458,54,590,178,63,355
4,2,13,249,50,370,124,72,589,160,70,226,247,31,470,160,75,780
11,2,13,389,5,456,458,74,239,246,21,470,479,7,278,250,75,249
18,2,13,146,14,220,236,15,267,577,91,777,889,53,256,146,18,350
25,2,13,469,92,688,458,75,140,199,90,136,790,62,480,140,57,278
4,3,13,670,37,890,800,83,580,688,25,159,110,28,477,370,5,159
11,3,13,148,34,158,357,58,233,138,28,224,450,91,579,130,41,489
18,3,13,136,6,268,260,87,160,255,29,388,670,35,889,356,48,279
25,3,13,144,94,130,137,10,460,404,404,404,128,19,450,457,62,237
1,4,13,167,49,126,289,90,677,348,54,680,550,4,220,567,80,488
8,4,13,278,72,679,158,47,890,169,60,389,699,49,144,159,51,245
15,4,13,459,89,234,456,54,680,238,39,577,566,78,134,466,60,226
22,4,13,200,25,456,489,12,679,467,74,770,129,26,556,234,92,570
29,4,13,170,84,590,688,21,470,257,48,134,238,34,789,389,5,166
6,5,13,145,8,170,678,18,116,490,30,677,279,87,368,466,69,289
13,5,13,270,94,590,440,85,447,258,50,145,178,65,366,178,65,140
20,5,13,127,8,125,345,20,370,170,86,123,350,85,357,146,12,138
27,5,13,790,63,148,245,15,780,567,82,778,288,85,339,235,2,345
3,6,13,370,2,147,235,6,466,123,66,556,580,30,145,789,48,170
10,6,13,680,43,580,479,1,290,180,95,177,137,11,126,245,10,488
17,6,13,350,81,560,477,88,260,459,88,279,147,29,234,780,52,589
24,6,13,134,87,260,340,78,378,567,85,500,399,17,700,167,44,158
1,7,13,145,0,190,259,62,156,479,3,238,134,88,459,270,97,124
8,7,13,330,69,450,267,57,700,670,37,467,236,14,167,266,44,680
15,7,13,237,29,180,148,33,139,345,29,360,128,13,490,330,61,335
22,7,13,369,86,790,227,11,560,135,95,366,225,93,300,660,23,247
29,7,13,489,13,148,238,39,117,580,34,455,170,89,478,125,81,290
5,8,13,800,86,150,238,33,490,459,84,130,136,1,560,404,404,404
12,8,13,889,55,249,400,46,178,160,71,588,404,404,404,568,93,580
19,8,13,350,84,158,127,3,139,579,19,135,330,60,370,279,83,157
26,8,13,470,14,167,123,67,179,190,7,278,140,57,359,118,4,257
2,9,13,488,8,378,377,70,334,240,67,359,256,35,690,589,26,880
9,9,13,404,404,404,567,84,257,899,66,178,258,58,224,580,33,157
16,9,13,490,33,346,160,73,256,347,40,145,130,48,125,690,52,589
23,9,13,278,71,335,789,45,456,389,8,260,266,44,149,250,76,600
30,9,13,237,22,129,114,61,470,580,31,335,390,21,344,237,29,270
7,10,13,349,61,100,145,1,588,460,4,167,130,42,570,119,13,445
14,10,13,370,2,129,600,62,778,170,85,159,180,95,889,170,81,560
21,10,13,228,24,590,130,47,188,347,45,799,136,4,130,159,55,339
28,10,13,470,10,370,360,97,160,330,64,257,248,27,179,404,404,404
11,11,13,128,18,459,370,0,136,480,27,449,239,46,277,560,19,135
18,11,13,245,16,349,449,79,379,248,49,289,800,87,160,690,52,345
25,11,13,490,37,133,126,95,249,157,35,230,334,7,223,155,18,260
2,12,13,470,13,337,570,22,480,156,21,470,247,32,456,150,63,337
9,12,13,238,31,146,468,89,360,279,83,445,268,61,489,478,98,137
16,12,13,477,88,125,689,33,346,278,75,177,178,65,249,125,86,240
23,12,13,680,44,239,148,36,150,127,0,460,128,11,588,277,65,267
30,12,13,178,67,557,389,6,358,770,44,130,356,40,370,570,29,180
6,1,14,479,4,167,135,90,488,240,62,390,130,42,679,400,40,235
13,1,14,256,38,567,404,404,404,469,97,377,148,30,127,179,78,125
20,1,14,259,66,277,378,89,199,155,15,249,237,20,136,179,71,128
27,1,14,230,54,338,347,41,245,688,20,235,890,74,130,136,8,170
3,2,14,390,24,149,177,55,780,378,88,567,669,13,300,588,13,490
10,2,14,235,4,257,570,28,800,240,61,119,250,79,270,170,87,160
17,2,14,234,91,137,350,83,148,258,55,447,178,66,556,157,36,259
24,2,14,147,22,688,359,78,440,156,22,246,126,93,599,340,73,670
3,3,14,226,8,279,269,74,680,128,15,348,456,58,279,128,11,146
10,3,14,189,85,348,112,45,258,179,73,229,278,79,478,100,15,357
17,3,14,404,404,404,560,11,245,577,98,440,356,43,599,456,50,190
24,3,14,404,404,404,124,74,239,460,7,340,580,30,127,560,19,270
31,3,14,570,25,249,889,54,446,490,37,359,250,71,560,389,2,499
7,4,14,689,39,270,800,86,899,336,21,290,379,96,123,260,89,559
14,4,14,280,6,790,380,11,227,440,82,237,356,49,234,125,82,499
21,4,14,136,5,690,235,3,256,569,6,150,258,51,155,246,26,358
28,4,14,230,53,300,115,79,450,377,72,390,289,92,390,889,50,190
5,5,14,129,27,557,223,79,270,450,94,248,358,60,370,125,80,136
12,5,14,168,58,378,260,81,344,700,79,135,129,25,168,167,46,790
19,5,14,270,98,260,446,41,245,580,31,146,789,43,157,680,49,568
26,5,14,334,9,450,467,72,147,278,72,660,350,84,446,189,87,133
2,6,14,158,48,378,170,87,223,190,0,389,269,78,125,278,74,130
9,6,14,456,51,137,350,84,158,267,52,138,569,9,388,359,73,256
16,6,14,146,18,567,127,2,589,278,71,669,560,11,236,390,28,800
23,6,14,238,34,248,488,0,338,339,51,470,570,29,667,148,32,390
30,6,14,238,34,770,380,12,679,467,79,289,489,16,349,230,53,346
7,7,14,457,69,450,260,80,668,367,64,257,357,58,279,345,25,456
14,7,14,346,31,560,129,26,150,129,21,146,770,41,380,360,91,137
21,7,14,790,62,480,569,1,290,179,70,479,280,7,359,277,64,590
28,7,14,456,54,158,404,404,404,360,99,289,239,43,670,567,84,130
4,8,14,470,13,788,123,65,366,448,63,779,280,0,479,126,94,699
11,8,14,467,78,189,480,21,470,130,49,577,458,70,136,404,404,404
18,8,14,150,63,157,340,78,558,180,92,570,567,81,119,458,77,160
25,8,14,669,13,689,138,25,456,358,65,249,359,74,789,180,95,258
1,9,14,337,36,268,114,62,499,350,81,155,247,33,157,479,1,245
8,9,14,256,30,334,160,77,377,178,68,260,236,16,259,238,36,790
15,9,14,189,80,677,226,8,233,230,52,778,378,82,480,457,65,140
22,9,14,350,80,479,389,5,140,369,80,578,169,60,235,670,34,257
29,9,14,560,10,235,138,24,266,680,49,469,248,40,235,129,24,248
6,10,14,350,83,148,590,44,130,169,68,369,240,66,790,110,20,136
13,10,14,278,77,890,789,48,440,234,91,588,240,69,270,256,39,469
27,10,14,404,404,404,126,93,445,456,50,578,129,95,140,489,17,700
3,11,14,148,36,277,129,21,335,140,53,247,346,39,900,129,21,245
10,11,14,370,7,269,680,48,288,227,13,300,590,49,180,388,98,459
17,11,14,278,75,456,140,53,148,346,30,127,246,26,349,255,25,140
24,11,14,123,60,578,335,15,249,358,66,259,440,85,799,568,93,346
1,12,14,258,57,368,470,19,559,269,77,449,568,93,238,358,61,290
8,12,14,478,97,368,148,30,569,240,69,568,133,79,270,270,97,340
15,12,14,450,99,568,178,67,467,146,10,389,489,17,467,158,45,249
22,12,14,125,87,340,780,53,599,123,63,157,569,1,155,170,84,789
29,12,14,450,96,600,368,74,239,390,23,247,660,27,566,250,70,389
5,1,15,237,26,114,370,4,158,135,99,469,580,33,256,127,9,568
12,1,15,156,24,789,478,97,223,404,404,404,780,57,700,456,50,479
19,1,15,345,27,250,259,69,270,356,40,145,279,81,137,490,33,346
26,1,15,404,404,404,279,84,590,146,13,689,240,65,889,367,68,378
2,2,15,139,37,133,100,16,466,688,26,178,170,80,145,447,57,160
9,2,15,490,33,670,449,74,130,139,34,158,479,8,468,228,23,139
16,2,15,138,23,148,340,74,266,456,58,260,256,31,344,146,10,370
23,2,15,460,9,559,678,13,670,259,65,366,580,32,255,458,71,489
2,3,15,234,96,259,790,67,890,147,27,368,290,18,378,404,404,404
9,3,15,247,33,346,123,61,588,157,50,226,220,45,348,259,60,677
16,3,15,160,72,138,145,4,149,168,50,479,478,99,379,279,89,469
23,3,15,689,35,140,577,98,170,249,57,223,347,45,258,668,7,467
30,3,15,560,13,445,168,53,148,245,14,167,338,41,146,489,19,478
6,4,15,200,23,247,450,90,569,139,32,660,369,83,670,145,7,368
13,4,15,126,99,379,259,61,155,259,68,260,337,39,469,228,29,577
20,4,15,556,63,256,370,1,380,780,57,160,488,1,380,268,62,110
27,4,15,245,16,178,467,77,890,278,71,335,340,77,368,367,69,225
4,5,15,479,4,789,134,87,368,278,77,269,256,38,233,880,63,300
11,5,15,570,29,568,259,66,277,689,33,580,679,20,136,490,35,258
18,5,15,225,97,377,170,88,125,235,0,127,479,7,179,239,47,890
25,5,15,349,67,499,160,71,290,559,92,480,368,70,488,400,44,167
1,6,15,116,89,379,239,46,466,180,99,167,566,73,490,233,88,125
8,6,15,168,58,125,349,67,368,789,40,569,358,44,167,156,20,389
15,6,15,348,51,236,147,24,149,190,3,139,389,8,279,238,39,478
22,6,15,120,30,280,249,51,669,288,87,340,160,73,689,235,2,688
29,6,15,170,87,890,169,64,356,238,35,348,489,19,450,360,96,240
6,7,15,260,80,118,110,20,145,489,16,790,660,27,133,368,71,146
13,7,15,588,19,289,345,24,167,123,69,900,358,61,399,270,95,230
20,7,15,270,91,146,140,57,890,390,26,240,167,43,139,179,76,556
27,7,15,660,26,899,149,41,119,780,50,145,239,42,237,247,38,369
3,8,15,360,95,799,347,45,168,489,13,166,249,55,780,480,29,478
10,8,15,459,89,117,357,54,338,246,29,199,236,17,467,340,73,247
17,8,15,168,56,259,800,88,279,468,89,379,134,84,112,230,54,239
24,8,15,123,63,139,239,40,479,380,11,245,689,30,569,380,14,130
31,8,15,689,38,125,145,7,449,900,91,236,689,39,126,669,19,234
7,9,15,588,17,133,160,76,169,258,51,290,590,48,440,150,65,267
14,9,15,889,55,159,378,87,250,359,78,233,290,13,157,380,11,128
21,9,15,120,32,390,126,94,158,470,14,446,356,45,357,257,49,126
28,9,15,179,79,900,247,36,268,290,15,267,350,81,489,460,6,790
5,10,15,478,95,357,144,90,226,350,84,338,490,37,269,269,75,690
12,10,15,369,88,279,146,14,699,236,10,136,155,17,160,247,32,345
19,10,15,780,53,689,488,5,366,890,73,779,370,8,477,245,16,448
26,10,15,136,8,134,789,44,455,146,14,680,289,91,236,249,52,255
2,11,15,349,60,334,110,26,790,359,76,178,890,79,469,127,2,246
16,11,15,138,26,880,360,99,234,120,30,235,140,55,168,334,2,660
23,11,15,460,0,677,580,33,148,147,23,670,169,62,345,150,63,689
30,11,15,778,26,358,137,15,168,679,26,268,347,41,236,590,47,269
7,12,15,123,63,779,468,85,258,147,20,370,250,79,234,239,42,480
14,12,15,790,69,234,140,56,466,348,59,199,125,87,890,169,69,126
21,12,15,149,40,677,567,85,447,580,37,368,147,28,459,256,35,159
28,12,15,179,71,344,258,51,380,780,52,390,570,23,148,369,84,789
4,1,16,136,0,479,167,43,148,349,68,288,488,0,668,466,63,229
11,1,16,145,3,247,123,69,180,136,6,358,404,404,404,346,38,459
18,1,16,234,90,280,389,2,589,117,92,129,129,26,899,479,2,138
25,1,16,679,25,348,404,404,404,169,64,158,790,66,556,237,27,124
1,2,16,169,66,358,245,45,258,680,44,347,130,44,239,167,48,378
8,2,16,235,6,880,237,24,257,458,77,278,567,83,120,234,93,238
15,2,16,138,27,124,180,97,500,358,68,189,199,90,136,129,21,489
22,2,16,880,65,690,160,75,134,470,17,124,580,30,280,460,7,269
29,2,16,679,25,456,260,88,367,590,44,590,235,9,270,379,94,266
7,3,16,455,44,220,135,96,229,267,50,460,238,36,899,357,50,280
14,3,16,669,17,160,189,83,779,446,43,599,260,84,149,790,64,590
21,3,16,160,74,680,146,13,367,267,57,368,404,404,404,117,99,234
28,3,16,137,15,456,258,56,780,380,15,339,378,82,336,379,98,260
4,4,16,590,42,147,460,5,677,780,54,248,138,27,458,579,15,447
11,4,16,158,49,469,246,20,799,389,3,247,478,96,880,350,82,156
18,4,16,149,47,179,368,75,799,567,82,336,168,52,110,890,79,379
25,4,16,249,58,260,380,15,780,236,12,147,889,58,800,378,87,124
2,5,16,890,77,449,488,8,459,123,66,114,568,93,490,480,24,149
9,5,16,130,47,467,349,65,780,679,23,346,379,94,680,445,33,256
16,5,16,240,66,169,458,72,660,350,84,130,370,5,456,567,85,230
23,5,16,349,69,478,223,72,138,457,64,356,456,52,778,590,43,148
30,5,16,156,20,136,669,15,245,244,6,448,259,68,350,247,32,480
6,6,16,149,47,700,180,93,247,489,15,258,780,52,570,448,68,279
13,6,16,455,49,450,600,69,126,157,36,457,148,33,238,158,46,114
20,6,16,568,90,127,247,37,115,357,56,358,179,70,280,130,49,568
27,6,16,235,5,348,140,57,557,129,29,379,449,72,589,160,73,148
4,7,16,234,99,126,389,7,467,160,75,366,404,404,404,560,19,270
11,7,16,234,90,280,479,7,188,257,40,127,670,30,145,158,46,448
18,7,16,668,3,788,136,3,490,129,28,459,367,67,188,279,87,377
25,7,16,568,98,260,489,14,167,457,62,156,389,6,448,490,30,578
1,8,16,167,44,149,480,26,259,130,42,589,255,29,360,190,5,177
8,8,16,239,44,112,230,52,778,389,1,236,158,41,560,149,40,280
15,8,16,404,404,404,136,9,900,569,4,158,138,29,126,700,76,556
22,8,16,690,56,268,368,79,450,266,44,239,469,93,346,447,56,240
29,8,16,190,9,270,258,57,250,119,17,115,670,33,445,236,17,124
5,9,16,156,28,350,688,28,990,127,9,388,457,60,235,670,36,790
12,9,16,346,34,248,267,53,490,380,16,448,180,99,450,200,21,245
19,9,16,900,96,150,557,77,377,256,31,470,490,31,335,220,42,147
26,9,16,467,72,246,789,48,558,156,25,690,235,58,224,334,8,369
3,10,16,578,3,490,167,48,378,250,73,670,220,49,270,290,17,269
10,10,16,269,70,488,568,95,168,247,31,245,237,20,334,668,4,257
17,10,16,448,68,260,570,20,145,124,73,300,139,39,126,668,89,257
24,10,16,114,67,467,127,4,149,269,72,570,256,36,367,404,404,404
7,11,16,588,16,899,467,71,560,789,46,790,404,404,404,404,404,404
5,12,16,490,34,130,150,67,160,249,54,789,168,58,134,360,91,489
12,12,16,134,82,570,227,10,299,256,39,360,260,84,130,677,8,350
19,12,16,369,88,116,136,8,378,577,91,579,677,5,348,590,43,788
26,12,16,679,22,156,249,55,690,126,95,889,230,51,128,290,18,260
2,1,17,359,78,567,135,99,478,188,74,167,459,84,347,224,81,290
9,1,17,450,94,446,570,25,456,177,54,347,368,70,460,780,55,140
16,1,17,124,70,479,149,47,278,550,8,459,147,24,699,148,39,199
23,1,17,139,37,368,110,23,148,589,29,450,404,404,404,490,33,788
30,1,17,390,21,137,660,28,358,145,5,357,490,32,336,229,31,560
6,2,17,368,72,255,380,14,347,450,92,480,147,22,237,135,95,348
13,2,17,233,80,460,899,62,589,700,74,158,346,34,590,388,98,134
20,2,17,366,51,236,490,33,247,256,38,350,180,98,288,236,15,267
27,2,17,159,53,346,348,56,367,337,30,299,379,97,278,456,50,136
6,3,17,158,47,359,236,16,240,389,8,134,235,2,589,179,71,146
13,3,17,404,404,404,448,60,226,267,53,166,457,62,156,147,20,677
20,3,17,899,66,268,223,74,257,455,41,128,668,7,467,234,95,267
27,3,17,130,44,680,239,48,800,148,38,224,339,56,240,355,36,899
3,4,17,369,86,178,560,15,258,230,58,134,233,81,560,440,83,355
10,4,17,158,43,346,450,99,478,556,62,138,390,22,570,290,16,114
17,4,17,890,77,250,188,73,346,177,59,180,223,75,140,368,78,800
24,4,17,445,30,118,190,1,146,459,89,577,349,61,588,467,75,140
1,5,17,399,17,890,126,91,119,556,60,226,460,5,267,126,92,499
8,5,17,179,76,169,340,74,257,678,19,388,345,27,188,679,27,160
15,5,17,779,34,257,138,25,780,136,9,234,140,51,227,578,2,156
22,5,17,788,34,257,360,90,389,368,74,239,138,29,135,589,29,126
29,5,17,127,2,390,670,37,250,367,63,445,267,54,239,577,91,290
5,6,17,489,17,124,478,97,458,660,26,367,188,74,680,133,70,244
12,6,17,156,27,700,136,8,468,270,99,379,570,28,233,338,44,338
19,6,17,122,55,159,780,59,450,558,83,247,180,96,899,129,21,290
26,6,17,404,404,404,560,12,679,455,42,660,227,15,366,690,59,478
3,7,17,150,62,480,447,56,150,268,68,350,146,12,228,260,81,380
10,7,17,270,92,688,123,64,149,890,78,224,116,85,366,356,42,345
17,7,17,400,43,670,135,93,238,128,14,356,348,58,125,590,42,156
24,7,17,460,5,348,366,51,137,457,61,128,880,65,159,112,40,226
31,7,17,345,28,369,457,60,145,359,71,489,134,81,380,348,53,300
7,8,17,168,50,226,135,96,556,457,64,347,233,80,370,378,84,167
14,8,17,360,95,122,404,404,404,889,52,480,248,40,569,346,37,133
21,8,17,169,61,588,470,16,358,236,18,369,245,14,347,360,97,133
28,8,17,489,14,680,579,18,378,348,55,267,280,7,340,230,52,246
4,9,17,290,19,180,688,22,138,579,10,299,344,19,144,356,49,270
11,9,17,450,94,248,235,7,278,178,60,235,600,68,459,257,43,445
18,9,17,339,53,247,129,23,346,380,12,156,360,96,178,160,77,269
25,9,17,149,46,358,599,32,345,118,9,144,128,13,157,150,67,278
2,10,17,267,53,337,188,71,399,266,46,259,159,55,348,150,61,399
23,10,17,404,404,404,404,404,404,688,21,380,148,34,130,377,79,450
30,10,17,599,33,238,356,44,149,180,98,125,257,45,249,290,16,880
6,11,17,247,33,355,599,31,380,137,13,490,377,75,140,700,73,300
13,11,17,339,59,234,128,11,245,177,51,489,167,48,134,660,22,589
20,11,17,567,83,580,156,26,367,245,12,200,119,19,135,268,63,355
27,11,17,257,44,167,290,19,379,670,37,340,115,79,289,799,59,289
4,12,17,127,6,169,589,21,236,440,85,249,225,90,460,256,30,677
11,12,17,300,32,147,334,1,290,356,44,347,379,99,180,159,58,170
18,12,17,129,25,249,270,98,350,200,28,558,257,44,266,380,14,220
25,12,17,670,35,780,150,65,690,350,89,180,346,32,390,340,70,235
1,1,18,238,35,113,589,25,168,336,25,230,156,24,159,134,87,278
8,1,18,379,90,370,147,28,170,229,33,779,166,31,560,569,6,349
15,1,18,345,27,179,267,50,334,239,43,166,133,70,235,477,82,345
22,1,18,289,99,568,690,54,167,178,63,779,114,99,270,404,404,404
29,1,18,167,48,350,150,61,128,568,98,567,446,41,236,344,10,488
5,2,18,149,49,478,558,83,599,260,86,268,187,67,269,990,82,138
12,2,18,359,71,236,244,5,140,668,8,134,156,24,770,890,73,788
19,2,18,667,95,780,168,54,112,236,10,460,179,74,347,355,36,178
26,2,18,138,21,146,160,78,224,688,25,500,489,18,170,404,404,404
5,3,18,245,12,156,137,14,590,257,40,136,589,25,799,160,71,489
12,3,18,138,20,235,122,56,600,158,40,389,469,91,155,278,73,337
19,3,18,457,69,180,388,96,358,345,29,270,266,44,356,168,54,680
26,3,18,560,17,467,138,25,799,890,78,459,490,36,349,138,26,556
2,4,18,156,22,660,779,38,468,448,62,570,300,33,148,180,96,790
9,4,18,239,39,135,179,73,247,158,46,367,146,11,489,112,47,377
16,4,18,589,25,258,349,61,290,246,20,244,258,51,146,137,15,366
23,4,18,259,62,110,260,80,370,228,23,238,490,36,880,258,58,170
30,4,18,135,93,779,360,98,567,700,75,168,359,75,230,180,97,124
7,5,18,119,18,440,150,67,188,349,63,148,990,81,344,449,77,458
14,5,18,578,7,250,360,95,267,180,94,130,140,51,335,459,85,366
21,5,18,177,58,350,267,50,389,244,1,146,126,94,149,404,404,404
28,5,18,155,12,129,670,38,189,167,49,225,150,62,228,138,20,190
4,6,18,248,49,667,259,64,455,330,69,568,569,1,227,259,69,478
11,6,18,170,89,360,590,40,244,366,53,247,368,72,156,246,24,167
18,6,18,290,18,125,199,90,334,890,73,346,113,59,667,337,39,135
25,6,18,260,83,148,590,43,256,256,31,245,569,5,500,244,4,356
2,7,18,488,4,149,245,15,258,580,39,667,189,80,244,137,18,279
9,7,18,123,68,116,369,82,499,389,9,135,358,53,580,230,53,229
16,7,18,156,28,170,245,12,390,127,7,124,190,4,446,458,73,120
23,7,18,267,50,569,238,34,167,124,71,100,140,57,458,557,78,350
30,7,18,358,60,479,267,57,359,368,78,350,339,58,134,558,80,370
6,8,18,370,1,470,148,32,129,238,39,568,130,41,579,404,404,404
13,8,18,247,32,345,146,17,115,404,404,404,679,24,158,377,71,290
20,8,18,134,87,458,266,40,460,170,83,247,289,96,114,450,94,590
27,8,18,404,404,404,404,404,404,334,1,128,377,70,280,330,63,599
3,9,18,490,38,558,112,48,468,380,19,568,113,57,179,366,51,470
10,9,18,560,17,557,570,20,299,220,46,899,258,59,135,790,60,389
17,9,18,180,98,378,160,76,349,799,56,268,556,64,266,139,36,367
24,9,18,256,38,189,179,75,690,135,94,112,570,21,236,589,26,448
1,10,18,269,76,277,259,63,346,559,90,479,690,52,129,155,13,355
8,10,18,480,28,468,129,21,155,134,86,790,167,43,670,279,87,368
15,10,18,788,31,290,780,55,339,670,34,400,250,74,356,129,20,136
22,10,18,370,6,178,122,54,338,126,96,169,189,81,236,669,14,347
29,10,18,190,2,679,233,83,148,590,48,459,390,23,779,359,72,679
12,11,18,578,9,117,157,31,399,450,91,290,280,4,789,390,20,479
19,11,18,150,66,169,127,7,188,0,2,246,269,79,289,260,82,345
26,11,18,389,8,440,590,46,367,780,51,678,156,21,146,456,59,469
3,12,18,129,22,138,357,51,470,180,94,239,349,66,240,126,98,279
10,12,18,245,19,126,250,79,577,115,76,600,580,30,145,180,93,490
17,12,18,370,0,136,168,56,169,599,30,479,240,66,178,290,14,239
24,12,18,404,404,404,490,37,566,160,78,440,128,16,123,258,53,256
31,12,18,458,78,459,280,5,258,228,27,458,899,64,680,467,71,489
7,1,19,344,10,677,126,99,144,790,64,680,568,97,377,139,33,689
14,1,19,240,68,279,158,48,170,688,22,129,123,65,140,178,69,577
21,1,19,389,0,235,134,80,479,404,404,404,127,7,340,250,75,348
28,1,19,368,70,550,125,85,357,278,79,568,118,8,800,255,24,590
4,2,19,225,97,250,234,96,277,569,2,688,566,71,380,489,16,169
11,2,19,127,1,470,880,66,330,230,54,130,356,45,249,379,92,156
18,2,19,200,27,250,367,68,170,350,86,367,378,80,127,450,98,279
25,2,19,248,45,780,335,14,167,457,62,246,356,47,124,158,46,150
4,3,19,590,41,227,399,12,570,789,49,117,299,1,489,459,87,467
11,3,19,447,58,233,246,22,147,368,75,348,466,66,556,136,0,569
18,3,19,468,83,599,117,95,177,689,39,135,404,404,404,579,15,168
25,3,19,670,32,246,440,89,199,145,6,880,188,77,124,670,34,158
1,4,19,550,5,113,268,66,457,790,67,223,690,50,226,146,15,177
8,4,19,347,40,280,366,59,289,157,35,500,166,37,278,134,80,569
15,4,19,477,88,378,479,2,156,690,50,118,445,31,245,356,43,580
22,4,19,125,86,259,156,28,350,169,63,490,350,82,138,367,68,378
29,4,19,280,9,469,560,12,255,600,61,236,470,10,389,248,43,670
6,5,19,260,86,466,230,58,567,370,4,789,359,71,560,145,1,560
13,5,19,367,67,159,156,25,258,689,30,688,126,91,579,367,64,248
20,5,19,770,43,337,149,42,390,256,33,788,126,93,490,230,59,199
27,5,19,569,9,360,267,55,168,470,15,230,159,50,479,390,28,279
3,6,19,377,70,479,390,24,356,140,55,267,160,71,344,770,42,480
10,6,19,560,15,357,380,18,224,190,8,224,580,404,404,270,99,126
17,6,19,200,29,469,557,73,157,469,97,269,116,83,300,137,18,459
24,6,19,125,84,338,150,65,245,126,90,370,404,404,404,404,404,404
15,7,19,469,97,377,570,23,670,237,22,589,136,5,177,127,2,138
22,7,19,167,40,389,125,87,359,330,62,237,140,51,669,570,26,457
29,7,19,130,48,378,489,10,334,256,33,120,499,28,468,247,33,148
5,8,19,258,51,290,788,34,446,490,34,130,480,22,390,147,28,189
12,8,19,247,31,155,268,60,460,123,67,700,404,404,404,690,59,568
19,8,19,358,66,240,340,77,359,560,13,346,126,92,390,670,31,227
26,8,19,568,91,128,180,99,289,129,24,455,338,44,356,389,0,460
2,9,19,404,404,404,290,17,250,668,1,290,248,45,177,448,64,257
9,9,19,160,76,268,138,28,224,156,23,355,125,87,160,680,42,129
16,9,19,467,76,259,234,97,368,899,60,460,340,76,899,448,41,678
23,9,19,347,40,145,368,78,125,266,42,138,699,42,499,137,14,356
30,9,19,699,18,170,569,7,223,568,95,348,569,7,278,600,64,266
7,10,19,790,69,379,679,24,356,146,19,667,128,19,135,689,30,569
14,10,19,128,16,790,300,36,349,145,5,230,678,11,146,489,15,168
21,10,19,569,1,100,356,49,360,680,43,788,170,83,247,404,404,404
4,11,19,180,92,147,233,83,689,577,93,337,789,43,689,566,79,117
11,11,19,356,46,358,199,97,115,450,95,230,240,61,380,689,38,459
18,11,19,380,10,136,120,37,124,480,28,800,135,93,490,268,60,136
25,11,19,460,3,256,459,82,499,566,79,289,100,13,157,890,74,239
2,12,19,559,99,469,136,2,589,116,88,170,170,86,123,125,80,244
9,12,19,450,97,278,290,10,226,370,2,679,160,70,299,138,21,146
16,12,19,147,22,147,288,84,770,367,67,179,146,16,790,157,31,344
23,12,19,128,18,189,236,15,447,570,23,256,130,44,158,478,99,289
30,12,19,100,15,348,170,89,667,157,38,134,369,86,790,358,68,288
6,1,20,179,72,679,289,96,790,179,72,390,600,60,677,169,69,234
13,1,20,116,88,378,789,46,114,147,25,267,190,1,236,468,89,135
20,1,20,247,31,227,490,38,369,340,77,115,238,30,127,147,25,230
27,1,20,139,36,349,677,5,447,169,62,480,579,15,799,167,49,270
3,2,20,279,80,370,359,76,169,130,43,346,380,12,499,456,53,256
10,2,20,236,15,348,225,92,246,490,37,115,157,39,559,580,32,390
17,2,20,567,81,137,699,43,337,350,84,158,369,84,347,250,74,789
24,2,20,590,45,780,344,12,679,579,18,189,149,40,668,200,24,257
2,3,20,248,40,190,368,72,679,344,17,700,338,46,466,124,70,190
9,3,20,404,404,404,404,404,404,449,71,380,367,66,178,278,70,389
16,3,20,139,30,578,670,31,560,148,39,126,577,98,189,146,11,335
11,5,20,236,13,148,358,61,380,130,44,356,390,21,128,450,93,238
18,5,20,136,5,780,235,3,788,249,55,456,147,29,234,246,26,466
25,5,20,267,54,112,458,75,230,140,51,119,490,37,467,128,17,340
1,6,20,600,65,267,479,5,140,134,89,126,240,69,379,445,32,390
8,6,20,660,28,350,349,66,150,159,59,234,270,99,144,260,84,347
15,6,20,388,96,114,120,30,136,158,40,578,117,99,469,224,81,470
22,6,20,148,30,280,477,82,228,167,41,236,169,62,147,699,44,248
29,6,20,167,46,349,120,37,269,349,64,257,590,47,566,150,60,578
6,7,20,456,55,889,589,24,590,588,16,114,238,30,460,125,88,369
13,7,20,118,4,590,280,2,147,269,74,680,268,61,290,240,67,890
20,7,20,470,17,278,248,43,157,370,1,236,226,1,380,249,58,378
27,7,20,238,35,456,580,39,135,690,58,477,489,18,260,259,62,147
3,8,20,690,52,237,138,23,166,469,90,118,770,46,556,347,41,470
10,8,20,456,57,269,668,7,269,448,65,889,150,62,138,490,32,345
17,8,20,390,25,140,249,59,478,145,2,688,260,85,168,125,87,269
24,8,20,125,81,100,466,66,259,128,19,234,478,97,250,144,93,157
31,8,20,378,82,345,248,42,480,127,0,145,380,16,178,148,33,247
7,9,20,257,49,667,678,18,233,457,65,140,123,86,790,250,70,479
14,9,20,157,38,459,578,0,668,138,26,349,189,89,379,680,44,257
21,9,20,259,67,458,224,88,260,400,49,568,499,27,359,349,67,368
28,9,20,147,21,137,360,97,467,680,47,359,149,43,599,114,67,223
5,10,20,124,70,334,589,20,479,247,39,270,267,50,145,126,95,249
12,10,20,388,93,148,469,97,458,247,31,669,578,3,229,269,74,338
19,10,20,368,76,358,360,90,569,770,42,237,339,52,499,790,61,245
26,10,20,390,29,199,257,45,140,489,16,114,145,3,670,155,10,460
2,11,20,699,43,445,489,16,466,128,18,459,480,25,267,235,8,369
23,11,20,678,13,256,570,21,100,234,94,680,570,23,120,245,10,370
30,11,20,890,56,150,137,15,690,688,28,260,367,65,249,246,25,177
7,12,20,360,91,155,120,39,234,247,39,289,360,97,250,158,49,126
14,12,20,478,97,160,157,37,124,238,39,478,490,31,128,780,57,467
21,12,20,580,36,600,340,74,590,799,55,113,334,3,166,348,51,128
28,12,20,160,78,125,446,41,245,114,63,157,579,19,469,489,18,279
4,1,21,269,73,670,660,20,127,290,16,240,579,13,355,149,48,378
11,1,21,167,48,125,147,20,488,234,99,135,455,47,133,259,60,235
18,1,21,460,8,459,190,8,567,127,1,380,137,19,450,256,39,289
25,1,21,147,20,136,404,404,404,188,70,460,339,59,388,147,24,257
1,2,21,228,23,247,566,76,268,580,37,124,258,55,456,140,55,168
8,2,21,790,69,379,470,19,667,178,60,235,126,98,350,150,69,450
15,2,21,468,88,279,380,12,570,200,20,280,249,55,357,267,53,238
22,2,21,336,29,117,350,80,190,579,18,116,470,11,137,250,76,240
1,3,21,480,29,126,178,63,157,188,74,400,780,54,699,260,87,223
8,3,21,680,49,379,489,11,399,156,22,589,479,7,458,450,99,469
15,3,21,349,60,226,344,11,380,128,13,300,267,59,568,258,53,247
22,3,21,690,53,670,256,36,448,180,96,178,256,39,469,345,28,288
29,3,21,404,404,404,240,65,339,378,80,668,570,26,600,379,93,580
5,4,21,990,81,137,268,62,147,125,88,260,122,59,450,690,51,470
12,4,21,478,93,148,347,42,138,338,40,136,160,72,480,136,1,344
19,4,21,378,87,160,400,41,290,390,23,247,579,13,247,145,0,127
26,4,21,355,30,190,378,87,250,399,18,459,346,37,700,140,52,589
3,5,21,189,86,600,167,41,245,590,43,490,246,27,566,357,59,270
10,5,21,239,45,177,589,24,239,889,56,349,466,60,136,159,54,167
17,5,21,788,33,238,268,68,800,778,27,359,480,28,170,580,38,459
24,5,21,170,80,578,119,15,249,459,87,160,237,25,690,290,16,790
31,5,21,559,92,245,279,89,478,270,98,459,578,0,280,270,92,390
7,6,21,148,32,480,112,46,114,140,59,577,478,95,889,189,83,157
14,6,21,349,62,345,459,84,789,300,31,128,580,37,890,667,90,389
21,6,21,389,2,345,248,44,347,358,66,259,149,44,239,146,18,279
28,6,21,367,67,160,190,0,479,113,50,190,380,10,299,168,54,699
5,7,21,358,68,369,235,4,158,233,81,128,157,32,156,357,57,133
12,7,21,130,44,158,157,30,460,377,76,114,600,66,790,670,37,188
19,7,21,240,67,278,157,31,128,150,60,136,370,2,390,359,73,139
26,7,21,248,48,378,180,90,378,334,8,477,167,41,128,388,95,447
2,8,21,140,51,146,100,12,237,370,6,349,567,81,777,589,26,367
9,8,21,456,54,680,189,82,200,344,14,167,235,3,256,345,29,270
16,8,21,267,51,137,578,4,455,180,92,345,279,85,500,340,79,234
23,8,21,160,73,490,660,22,336,227,15,168,780,53,148,334,0,578
30,8,21,138,20,280,368,78,189,160,78,233,467,78,279,369,84,130
6,9,21,250,79,469,489,18,567,340,70,479,570,22,147,259,65,168
13,9,21,348,54,356,238,39,126,560,14,789,330,63,490,567,80,479
20,9,21,779,39,117,580,13,238,477,81,470,890,72,110,270,92,688
27,9,21,249,50,145,230,53,256,557,72,345,580,38,567,378,80,118
4,10,21,459,87,188,380,10,677,160,71,489,223,73,166,124,76,790
11,10,21,466,60,370,346,31,335,235,1,245,489,13,238,590,45,780
18,10,21,780,59,117,249,53,355,477,83,148,268,64,248,249,52,129
25,10,21,480,29,388,244,0,370,360,91,227,220,41,560,667,94,167
8,11,21,404,404,404,127,8,800,468,88,116,578,9,469,568,97,133
15,11,21,178,60,578,120,38,189,340,74,680,180,97,566,339,50,280
22,11,21,239,48,260,246,29,469,390,28,369,446,48,477,268,67,449
29,11,21,130,41,236,340,79,360,570,23,788,458,79,289,560,10,578
6,12,21,123,68,567,256,32,345,568,95,267,700,76,178,290,13,445
13,12,21,557,75,799,348,57,278,256,39,289,336,20,334,289,90,370
20,12,21,780,59,234,779,35,168,147,21,146,330,62,138,146,10,569
27,12,21,239,40,569,256,39,667,249,52,147,270,96,448,260,86,466
3,1,22,334,2,688,366,52,237,170,86,349,135,94,590,134,82,589
10,1,22,446,44,347,678,18,288,190,0,578,489,15,249,120,35,348
17,1,22,270,94,167,367,66,790,145,18,279,789,43,229,380,18,116
24,1,22,378,82,688,579,16,349,404,404,404,245,10,226,146,17,458
31,1,22,580,36,240,267,50,136,355,30,569,689,37,700,566,76,123
7,2,22,570,24,158,237,21,470,689,38,170,570,22,499,349,68,369
14,2,22,258,51,678,335,10,136,168,55,267,256,30,370,247,35,456
21,2,22,569,0,127,445,37,359,680,47,458,179,70,136,388,95,799
28,2,22,116,84,167,790,69,180,259,65,267,790,67,557,780,56,457
7,3,22,378,88,350,590,44,248,158,48,477,166,35,799,457,64,167
14,3,22,338,49,270,339,59,478,688,27,458,278,72,246,404,404,404
21,3,22,567,82,237,690,59,289,480,25,140,389,6,259,240,64,248
28,3,22,489,19,234,156,20,226,280,7,160,400,46,330,789,42,200
4,4,22,780,51,290,240,67,160,226,3,157,455,43,238,225,92,480
11,4,22,127,3,670,150,61,236,680,46,240,148,32,200,167,47,890
18,4,22,188,72,237,468,84,167,133,70,145,458,70,460,134,89,568
25,4,22,179,78,990,190,3,238,160,75,258,245,13,599,135,96,150
2,5,22,568,96,330,138,22,390,280,1,344,670,37,890,227,19,577
9,5,22,470,12,246,334,9,568,330,60,280,130,44,158,346,32,688
16,5,22,359,75,140,118,7,340,377,78,468,166,33,229,235,0,569
23,5,22,470,13,689,290,13,148,389,2,156,670,36,367,490,30,127
30,5,22,470,16,790,590,45,267,358,64,680,557,72,778,480,21,669
6,6,22,360,99,559,345,21,236,400,46,880,247,30,334,168,57,377
13,6,22,460,7,133,344,15,140,128,16,150,247,33,580,448,61,236
20,6,22,230,53,346,158,41,399,160,70,677,568,94,590,290,14,220
27,6,22,255,23,148,150,68,279,227,13,490,478,91,560,278,79,388
4,7,22,268,66,349,445,32,688,470,16,349,790,63,238,590,45,140
11,7,22,160,73,148,379,91,245,570,27,269,139,36,178,389,4,446
18,7,22,340,71,588,246,26,349,136,4,239,237,21,669,248,49,559
25,7,22,577,99,568,190,5,249,367,60,370,240,69,180,179,77,458
1,8,22,267,57,700,126,96,880,490,38,170,136,3,157,679,20,460
8,8,22,177,50,136,158,42,138,257,42,138,199,98,369,660,28,279
15,8,22,404,404,404,588,12,589,135,94,770,690,51,344,179,79,126
22,8,22,166,33,120,568,99,559,236,19,199,133,79,900,349,69,559
29,8,22,358,68,378,349,67,179,247,38,170,348,50,127,366,53,139
5,9,22,136,1,146,359,72,778,269,74,257,249,54,356,269,70,118
12,9,22,337,31,128,890,72,147,689,37,223,122,58,459,357,56,448
19,9,22,300,35,258,349,69,577,118,4,338,239,48,134,270,94,590
26,9,22,579,18,567,557,74,356,880,68,189,457,61,470,370,8,990
3,10,22,224,84,257,299,3,355,156,24,130,124,74,590,389,6,268
10,10,22,490,39,126,156,27,115,480,24,455,119,18,567,150,62,480
17,10,22,367,66,123,127,9,225,569,7,368,567,83,599,257,42,147
31,10,22,234,90,244,688,20,136,288,82,237,357,53,779,267,59,289
7,11,22,112,46,556,380,10,479,880,63,256,890,78,170,234,90,460
14,11,22,127,8,459,349,60,244,237,24,149,167,40,235,670,37,700
21,11,22,250,71,380,400,40,370,269,71,579,338,44,789,224,81,399
28,11,22,679,22,156,246,25,348,469,95,456,239,41,560,167,45,168
5,12,22,149,46,790,288,88,459,126,93,779,557,79,135,256,35,168
12,12,22,145,4,158,145,4,248,490,33,238,146,10,389,400,44,112
19,12,22,158,43,256,239,45,267,168,52,390,470,15,456,127,1,588
26,12,22,448,66,349,245,18,224,557,77,124,359,79,667,299,2,679
2,1,23,144,93,238,239,49,577,489,15,258,457,62,345,233,88,134
9,1,23,890,74,266,139,31,146,258,56,259,339,53,490,490,31,380
16,1,23,788,31,489,249,52,336,688,24,590,367,60,299,800,84,257
23,1,23,245,18,800,150,64,680,367,63,355,404,404,404,248,40,668
30,1,23,137,10,460,348,53,300,125,89,379,189,85,140,113,52,237
6,2,23,377,76,367,270,92,237,257,48,990,345,28,224,470,19,478
13,2,23,245,19,379,490,36,448,234,97,359,560,12,345,229,36,466
20,2,23,456,57,160,449,79,126,890,76,790,126,96,240,248,47,160
27,2,23,278,75,780,134,84,248,590,45,267,170,88,170,680,43,346
6,3,23,247,32,390,189,88,233,404,404,404,140,51,579,268,65,339
13,3,23,369,89,225,234,92,679,249,58,134,168,57,359,399,13,337
20,3,23,157,32,110,179,71,236,134,88,125,458,76,457,369,81,128
27,3,23,680,44,699,458,71,678,114,60,127,289,93,355,490,30,460
3,4,23,260,88,567,377,72,390,456,57,368,338,40,334,144,90,668
10,4,23,128,13,256,335,10,479,289,95,230,478,90,479,577,95,249
17,4,23,255,28,350,246,28,134,380,11,236,799,56,880,129,27,458
24,4,23,100,12,390,160,72,336,138,26,150,278,77,160,469,93,300
1,5,23,249,58,378,279,87,340,570,24,130,159,56,600,679,26,349
8,5,23,178,64,699,238,34,158,459,87,179,336,24,455,134,80,460
15,5,23,149,47,340,236,15,230,126,93,148,134,82,660,178,64,239
22,5,23,169,62,110,170,85,690,166,37,124,790,61,399,678,13,238
29,5,23,270,95,780,290,14,789,460,3,247,180,98,116,688,20,569
5,6,23,489,10,488,278,77,467,460,5,799,150,69,126,114,63,120
12,6,23,349,61,344,158,43,229,389,5,168,119,13,779,379,94,400
19,6,23,580,35,348,160,73,779,147,20,677,578,7,890,128,14,149
26,6,23,568,99,225,345,26,358,577,93,580,456,50,145,289,99,180
3,7,23,123,65,113,400,43,247,789,42,138,170,81,245,334,5,357
10,7,23,456,52,129,569,3,599,890,79,568,238,31,588,699,48,800
17,7,23,270,91,137,155,11,470,590,42,679,227,11,290,259,69,469
24,7,23,247,30,677,270,94,266,246,24,239,129,25,348,457,61,489
31,7,23,289,94,239,160,77,458,227,18,378,233,88,224,390,24,356
8,7,23,368,75,267,126,92,147,150,69,144,239,40,569,126,92,390
14,8,23,239,44,266,404,404,404,259,61,128,457,67,250,679,20,235
21,8,23,390,22,390,467,75,889,280,5,690,180,94,158,590,44,257
28,8,23,790,60,677,237,22,129,170,89,469,116,81,146,400,47,250
4,9,23,158,41,290,157,37,278,155,14,356,360,98,567,250,74,699
11,9,23,336,26,169,300,31,290,377,78,170,339,59,559,780,59,270
18,9,23,125,88,369,469,97,160,158,44,770,679,25,249,366,51,245
25,9,23,790,69,469,134,86,169,457,68,233,139,38,558,269,77,368
2,10,23,279,83,580,369,83,337,346,35,140,570,21,290,480,26,259
9,10,23,369,80,668,123,61,380,580,39,144,249,56,178,300,30,488
16,10,23,660,25,456,390,24,590,770,40,578,345,25,159,145,4,789
23,10,23,699,47,160,158,40,145,246,24,130,247,35,159,279,84,266
30,10,23,348,50,578,889,57,269,558,87,179,445,30,136,138,28,279
6,11,23,246,29,199,240,67,115,158,41,137,256,30,460,404,404,404
20,11,23,122,59,180,238,34,257,179,72,156,290,15,339,116,83,337
27,11,23,690,55,357,169,66,268,259,69,180,478,91,227,180,97,188
4,12,23,345,27,269,477,89,559,480,28,350,390,26,178,146,10,578
11,12,23,457,62,688,334,9,900,268,66,358,346,32,660,479,3,346
18,12,23,340,71,489,358,66,880,357,51,678,670,34,220,246,29,577
25,12,23,157,39,234,220,48,459,489,19,234,270,91,236,166,34,112
1,1,24,170,81,137,279,85,159,237,25,159,440,82,688,670,34,338
8,1,24,279,85,500,390,21,560,235,2,237,667,90,460,345,23,238
15,1,24,789,45,267,245,11,470,124,78,170,570,25,555,133,74,167
22,1,24,990,89,469,338,47,368,118,4,446,236,16,358,404,404,404
29,1,24,249,58,233,223,70,280,357,55,159,125,87,359,160,72,129
5,2,24,589,28,477,469,99,469,467,72,570,460,1,380,123,65,357
12,2,24,668,4,338,890,77,133,348,55,140,456,52,336,124,77,223
19,2,24,160,70,145,126,96,150,267,54,400,180,94,167,489,14,356
26,2,24,249,50,190,460,4,257,259,68,288,550,3,670,456,55,168
4,3,24,355,31,399,459,88,279,237,20,280,290,11,344,800,82,246
11,3,24,588,15,230,245,15,690,700,71,689,135,90,389,680,41,335
18,3,24,144,98,288,356,42,228,457,63,599,269,71,470,578,2,156
25,3,24,404,404,404,470,12,589,890,71,560,369,84,770,460,8,378
1,4,24,123,67,377,889,54,680,124,71,560,190,3,256,147,22,688
8,4,24,169,61,489,144,97,340,355,38,189,578,1,489,250,79,289
15,4,24,790,63,670,559,90,136,116,85,249,240,64,590,799,58,189
22,4,24,267,55,456,347,44,257,489,11,470,233,87,160,344,14,257
29,4,24,245,11,236,358,66,178,356,40,569,347,44,130,167,40,488
6,5,24,349,67,269,688,20,280,670,32,200,189,86,268,358,67,359
13,5,24,136,3,148,117,98,260,125,80,127,345,20,127,138,29,469
20,5,24,159,54,789,189,81,236,145,4,680,270,97,368,347,46,330
27,5,24,490,39,559,346,36,240,447,58,233,139,32,156,359,74,789
3,6,24,335,19,234,466,67,458,277,68,224,238,32,200,330,65,348
10,6,24,257,46,178,246,25,230,469,91,579,230,51,335,129,22,138
17,6,24,445,35,159,146,13,247,236,11,560,380,18,369,367,65,690
24,6,24,590,48,369,270,93,445,780,52,589,144,97,458,144,97,700
1,7,24,148,32,200,159,50,578,356,47,179,369,89,568,245,12,138
8,7,24,389,9,469,270,96,150,228,25,366,579,13,490,279,81,146
15,7,24,459,82,156,150,67,179,360,95,267,169,68,170,789,44,248
22,7,24,770,40,136,356,45,267,130,40,370,125,82,778,588,13,148
29,7,24,289,94,680,590,43,166,248,42,688,147,23,139,146,12,336
5,8,24,579,14,220,256,30,136,226,6,277,247,35,113,780,52,679
12,8,24,488,4,356,579,11,380,578,7,700,404,404,404,468,84,680
19,8,24,135,91,236,500,57,449,459,81,290,247,30,488,177,58,459
26,8,24,180,93,670,449,72,156,556,60,389,690,59,199,299,6,349
2,9,24,113,56,880,669,11,245,560,13,238,145,9,667,679,20,389
9,9,24,350,88,459,140,58,170,160,77,160,480,23,247,245,13,229
16,9,24,680,40,190,778,26,790,467,73,238,335,16,277,446,48,369
23,9,24,249,59,289,337,37,269,256,38,459,369,82,138,189,87,124
30,9,24,347,43,157,400,49,289,268,67,278,239,47,124,268,62,138
7,10,24,677,5,140,188,75,799,579,15,230,130,48,350,339,58,233
14,10,24,125,80,299,157,39,135,178,66,349,135,96,178,290,12,679
21,10,24,800,89,568,138,20,118,179,73,599,680,41,227,478,99,135
4,11,24,404,404,404,404,404,404,278,72,390,299,6,123,179,70,280
11,11,24,117,95,799,679,23,166,190,8,134,880,62,129,157,36,600
18,11,24,589,23,148,148,36,123,129,23,490,889,59,144,448,67,124
25,11,24,246,21,290,136,5,113,139,34,239,168,54,257,599,36,457
2,12,24,689,38,558,144,98,990,138,27,269,345,27,458,249,52,147
9,12,24,448,60,190,279,85,230,345,24,257,123,67,269,250,72,444
16,12,24,290,16,259,460,0,136,260,81,146,125,83,256,236,16,268
23,12,24,670,38,189,477,86,556,267,53,490,699,45,799,390,24,789
30,12,24,190,6,123,277,69,117,134,80,550,689,36,556,260,81,470
6,1,25,780,55,230,470,16,268,155,14,130,560,12,679,480,20,145
13,1,25,380,12,138,690,51,236,129,21,146,380,10,578,149,49,333
20,1,25,690,55,177,226,4,266,679,28,369,900,91,146,156,20,479
27,1,25,358,66,457,469,96,448,480,28,279,337,33,120,157,33,689
3,2,25,367,68,189,589,26,556,270,96,790,880,64,239,115,78,134
10,2,25,269,70,280,239,46,448,158,46,358,148,35,780,128,10,479
17,2,25,156,29,388,250,71,290,479,5,456,249,59,225,890,76,150
24,2,25,360,99,379,344,14,130,568,97,458,336,29,126,367,65,113
3,3,25,477,80,677,900,99,568,580,33,238,456,57,458,336,27,124
10,3,25,360,96,277,128,16,268,337,35,348,166,37,467,404,404,404
17,3,25,369,89,135,236,16,790,334,3,139,347,44,590,124,76,367
24,3,25,790,69,180,457,67,890,577,93,599,277,60,145,580,39,126
31,3,25,780,50,244,190,7,449,128,16,240,589,27,115,134,82,499
7,4,25,339,53,670,115,70,244,258,50,145,457,68,459,589,23,256
14,4,25,779,38,350,446,45,140,155,13,120,136,3,779,112,47,124
21,4,25,569,9,289,559,90,244,269,79,180,568,90,226,460,0,136
28,4,25,135,95,780,124,76,150,169,63,490,380,13,256,345,21,380
5,5,25,690,57,890,160,75,889,377,74,455,479,5,177,225,98,279
12,5,25,234,94,248,350,83,490,124,71,588,299,9,234,330,61,227
19,5,25,166,34,130,278,79,478,240,67,467,390,29,270,700,74,130
26,5,25,233,84,149,599,33,166,680,42,129,668,5,500,190,3,689
2,6,25,599,36,123,699,42,237,288,84,770,160,73,229,457,64,167
9,6,25,129,26,150,370,0,0,889,54,158,157,32,480,148,37,269
16,6,25,120,33,157,470,19,180,669,13,157,340,75,780,479,9,450
23,6,25,237,20,578,667,93,445,780,57,223,335,19,478,348,53,229
30,6,25,226,7,278,469,93,670,350,87,269,277,61,137,688,29,360
7,7,25,477,83,689,356,46,277,259,62,679,670,32,499,347,49,667
14,7,25,560,14,338,589,21,128,368,79,289,790,69,289,236,13,256
21,7,25,140,52,778,338,45,140,267,59,900,368,78,170,350,87,278
28,7,25,137,13,779,188,73,490,499,25,690,247,36,169,100,15,177
4,8,25,199,97,269,277,60,569,167,40,244,577,94,167,356,46,259
11,8,25,340,77,269,780,55,267,234,96,178,370,4,770,404,404,404
18,8,25,340,76,466,368,71,155,290,14,699,348,50,235,566,76,790
25,8,25,500,51,669,170,83,148,230,57,368,780,51,380,189,87,359
1,9,25,348,54,789,149,44,149,238,37,557,404,303,404,404,303,404
8,9,25,404,303,404,404,303,404,404,303,404,404,303,404,404,303,404
15,9,25,404,303,404,404,303,404,404,303,404,404,303,404,404,303,404
22,9,25,404,303,404,404,303,404,404,303,404,404,303,404,404,303,404
29,9,25,404,303,404,404,303,404,404,303,404,404,303,404,404,303,404
6,10,25,404,303,404,404,303,404,404,303,404,404,303,404,404,303,404
13,10,25,404,303,404,404,303,404,404,303,404,404,303,404,404,303,404
20,10,25,404,303,404,404,303,404,404,303,404,404,303,404,404,303,404
27,10,25,404,303,404,404,303,404,404,303,404,404,303,404,404,303,404
3,11,25,404,303,404,404,303,404,404,303,404,404,303,404,404,303,404
10,11,25,404,303,404,404,303,404,404,303,404,404,303,404,404,303,404
17,11,25,404,303,404,404,303,404,404,303,404,404,303,404,404,303,404
24,11,25,404,404,404,404,404,404,404,404,404,404,404,404,404,404,404
8,12,25,404,404,404,404,404,404,404,404,404,404,404,404,404,404,404
15,12,25,404,404,404,404,404,404,404,404,404,404,404,404,404,404,404
22,12,25,404,404,404,404,404,404,404,404,404,404,404,404,404,404,404
29,12,25,404,404,404,404,404,404,404,404,404,404,404,404,404,404,404
