31,12,12,237,22,110,239,41,290,440,81,344,235,6,889,156,20,389,346,38,224
7,1,13,380,16,277,448,62,390,270,98,468,350,81,489,256,34,446,366,52,129
14,1,13,404,404,404,580,34,130,178,66,259,299,1,137,119,16,790,479,8,170
21,1,13,170,84,770,470,11,669,369,86,178,148,39,568,250,71,290,404,404,404
28,1,13,259,68,558,235,8,125,147,23,247,136,1,489,500,51,470,270,97,124
4,2,13,224,82,480,249,52,228,469,93,355,124,70,389,377,71,146,357,58,288
11,2,13,230,55,339,478,96,556,246,29,568,179,77,340,134,83,120,467,70,569
18,2,13,589,20,190,469,92,660,130,46,178,490,31,588,145,2,228,368,77,250
25,2,13,560,16,556,128,19,900,126,98,189,250,79,289,334,3,166,449,70,0
4,3,13,148,38,468,490,36,169,246,27,124,168,54,347,238,32,570,890,75,267
11,3,13,259,62,570,123,76,457,157,30,244,369,83,445,188,72,237,247,30,190
18,3,13,156,23,120,660,22,156,190,4,130,259,66,349,356,48,260,129,27,269
25,3,13,156,22,228,677,6,899,404,404,404,450,90,145,130,46,600,890,77,124
1,4,13,340,75,500,660,23,346,136,1,344,148,30,145,470,17,340,589,23,238
8,4,13,368,71,290,469,99,126,148,34,356,370,0,550,170,85,230,490,32,589
15,4,13,467,73,139,115,75,122,670,38,224,279,85,799,148,36,178,347,43,788
22,4,13,169,65,140,340,73,670,149,48,990,689,34,239,260,88,567,789,41,669
29,4,13,334,6,790,789,49,180,169,68,350,590,40,677,266,40,118,477,86,457
6,5,13,100,10,127,677,8,260,146,16,259,260,87,269,125,83,490,479,4,257
13,5,13,289,90,145,347,41,146,580,38,189,379,92,390,660,25,348,590,45,348
20,5,13,580,39,270,259,64,799,170,88,170,470,10,127,248,41,560,337,30,118
27,5,13,188,70,389,456,57,340,467,74,347,144,95,780,589,20,280,156,23,157
3,6,13,389,3,490,788,36,349,160,79,478,359,77,250,114,61,399,444,20,460
10,6,13,126,97,269,580,32,570,445,36,790,789,46,259,334,4,158,800,82,679
17,6,13,478,93,346,236,10,569,369,82,147,149,44,149,168,53,599,160,77,368
24,6,13,338,45,456,489,12,237,280,8,170,335,38,369,170,81,245,558,83,166
1,7,13,458,77,700,148,36,259,457,63,346,129,26,123,369,86,448,377,75,780
8,7,13,170,81,227,330,62,390,177,52,129,235,0,299,590,44,220,227,15,168
15,7,13,370,4,158,167,47,566,112,43,238,356,42,570,129,29,199,349,67,124
22,7,13,124,71,236,129,20,460,266,49,180,134,82,679,578,4,158,235,4,158
29,7,13,670,36,268,578,4,400,168,52,336,446,46,166,256,38,260,259,65,159
5,8,13,257,48,378,124,74,257,160,74,158,134,83,599,404,404,404,589,26,600
12,8,13,446,35,230,277,64,338,136,3,355,404,404,404,370,6,268,280,5,249
19,8,13,670,39,117,404,404,404,278,72,390,380,10,145,379,98,378,356,46,114
26,8,13,489,16,123,349,39,450,288,80,370,247,31,245,127,8,459,450,96,367
2,9,13,269,71,245,790,64,149,368,72,129,679,22,138,578,2,679,990,81,489
9,9,13,404,404,404,680,40,479,560,13,300,270,95,230,378,84,158,457,64,239
16,9,13,226,5,159,689,38,233,404,404,404,257,49,180,700,71,290,190,5,168
23,9,13,250,70,389,167,49,126,289,90,370,348,56,178,388,97,179,699,42,110
30,9,13,137,18,116,115,76,556,245,15,348,569,6,349,469,95,456,167,42,246
7,10,13,680,42,390,236,10,280,279,86,457,300,35,348,255,28,468,289,95,799
14,10,13,256,32,147,156,26,448,404,404,404,250,74,356,349,65,456,469,95,348
21,10,13,125,89,559,229,35,799,349,67,188,146,14,130,778,21,560,234,42,688
28,10,13,589,28,378,269,70,677,135,90,479,689,37,566,790,63,779,404,404,404
11,11,13,136,4,167,477,89,135,560,15,177,259,62,237,349,60,679,247,34,167
18,11,13,570,21,560,367,67,566,489,15,348,480,24,220,224,88,378,459,82,138
25,11,13,124,72,129,259,68,459,259,65,267,270,98,468,150,67,124,279,88,468
2,12,13,140,54,257,389,5,113,689,35,230,580,0,389,200,27,250,156,23,779
9,12,13,469,99,360,267,58,477,346,32,336,360,92,156,158,44,149,460,1,128
16,12,13,146,15,159,270,96,169,239,46,259,259,63,580,259,67,368,346,37,368
23,12,13,146,14,356,125,84,699,499,28,134,112,41,399,340,70,370,990,86,123
30,12,13,370,0,127,349,68,224,445,36,880,146,16,457,356,45,113,337,36,358
6,1,14,378,84,680,568,99,559,134,85,159,267,59,469,349,64,167,238,37,890
13,1,14,150,62,138,404,404,404,780,59,900,148,30,127,130,46,358,458,76,880
20,1,14,355,32,499,990,87,115,478,93,490,678,16,457,260,81,128,247,33,788
27,1,14,169,62,237,468,81,678,290,17,340,249,57,278,578,3,120,478,99,478
3,2,14,378,80,235,148,36,899,567,87,269,369,87,359,578,1,236,777,13,166
10,2,14,169,65,258,790,69,135,126,92,570,370,1,588,125,89,360,340,74,149
17,2,14,447,58,125,690,50,578,589,23,139,367,63,300,459,83,247,139,36,880
24,2,14,115,76,178,148,30,578,156,20,299,790,63,148,447,50,334,556,68,125
3,3,14,560,16,277,359,72,480,699,45,690,568,99,270,270,97,449,469,91,137
10,3,14,670,35,339,790,69,180,347,42,147,600,63,157,380,10,677,669,17,278
17,3,14,404,404,404,149,46,169,226,4,257,139,34,590,277,64,347,266,41,128
24,3,14,404,404,404,125,84,347,115,73,670,169,60,479,679,20,190,156,26,123
31,3,14,789,42,390,230,52,200,450,93,229,880,61,236,478,95,230,157,34,770
7,4,14,128,13,166,128,16,790,589,23,229,266,49,144,289,91,137,480,29,379
14,4,14,360,96,178,579,12,138,355,32,390,445,34,446,145,5,249,189,84,455
21,4,14,689,32,128,188,70,299,156,24,158,340,77,890,360,97,449,899,67,467
28,4,14,889,53,670,577,2,345,129,25,348,777,10,389,699,40,389,156,23,120
5,5,14,568,94,338,147,29,360,145,1,380,458,73,139,247,32,255,560,10,280
12,5,14,677,0,0,340,71,380,158,49,577,388,94,347,118,4,266,459,88,567
19,5,14,377,71,678,380,15,780,235,7,359,127,0,280,267,52,138,447,58,350
26,5,14,130,45,177,778,22,660,358,62,679,289,96,330,460,5,799,147,24,356
2,6,14,568,97,160,348,54,130,447,57,566,158,43,139,450,98,990,345,20,147
9,6,14,112,43,789,478,91,146,116,81,669,124,72,138,235,8,134,489,10,479
16,6,14,250,78,468,470,15,456,568,91,146,140,54,149,249,53,238,458,76,790
23,6,14,889,59,234,114,63,111,138,24,248,245,15,267,568,93,355,559,91,470
30,6,14,350,80,479,147,24,680,278,73,490,568,95,500,457,69,289,150,69,289
7,7,14,450,93,238,100,18,477,890,76,358,370,7,179,237,22,589,226,1,100
14,7,14,360,96,259,459,89,180,112,49,144,280,5,339,450,93,580,235,8,125
21,7,14,789,41,236,470,14,130,138,20,677,366,59,568,248,41,344,269,77,223
28,7,14,678,19,388,404,404,404,289,95,249,680,47,133,135,94,257,235,3,139
4,8,14,180,93,157,124,75,159,237,22,147,266,42,147,780,50,127,124,75,780
11,8,14,440,85,500,237,27,250,123,62,237,389,8,459,404,404,404,144,98,459
18,8,14,456,55,267,557,73,689,169,64,167,178,67,250,130,45,140,490,38,567
25,8,14,140,52,200,169,67,160,440,83,346,350,89,478,255,24,455,404,404,404
1,9,14,289,90,235,123,68,350,149,43,779,389,3,139,137,18,800,377,71,489
8,9,14,404,404,404,189,87,340,346,38,279,340,77,340,138,22,480,180,93,599
15,9,14,168,50,190,468,88,189,460,6,790,668,1,137,145,2,237,348,55,230
22,9,14,138,20,389,679,29,559,150,63,377,690,52,147,480,28,134,440,81,470
29,9,14,125,87,340,149,49,180,340,74,770,357,55,140,404,404,404,778,20,578
6,10,14,404,404,404,147,28,189,899,67,368,230,54,699,300,35,113,280,3,346
13,10,14,147,26,150,577,93,148,190,9,450,660,29,135,360,97,340,788,30,460
27,10,14,404,404,404,125,88,134,460,9,180,230,57,449,238,38,369,900,92,480
3,11,14,168,53,166,169,65,456,278,78,170,129,22,129,256,37,160,389,9,234
10,11,14,566,75,168,129,20,127,100,13,139,780,59,180,250,71,245,149,48,567
17,11,14,224,87,467,278,73,238,235,9,450,123,63,238,357,55,348,490,31,669
24,11,14,266,46,358,456,59,360,170,80,235,668,6,150,479,0,127,168,57,467
1,12,14,899,63,580,389,5,889,238,35,357,346,32,390,179,73,337,390,26,349
8,12,14,590,49,667,248,49,478,350,81,669,580,38,189,789,42,156,257,41,137
15,12,14,468,81,399,249,21,560,149,40,578,340,72,679,188,70,677,890,75,366
22,12,14,289,94,167,170,88,440,670,38,260,790,63,779,158,48,468,290,12,237
29,12,14,259,62,147,136,2,138,140,53,599,280,1,236,368,70,488,569,9,667
5,1,15,239,42,688,680,46,240,238,37,458,190,1,678,580,31,560,117,94,699
12,1,15,340,77,557,170,81,137,404,404,404,677,2,138,250,78,189,239,48,116
19,1,15,234,94,130,290,15,357,479,6,358,250,78,990,177,54,130,356,46,330
26,1,15,404,404,404,679,25,690,112,42,688,469,90,190,279,82,679,150,64,347
2,2,15,238,37,359,660,22,589,146,19,135,340,73,157,279,85,780,340,73,139
9,2,15,467,78,468,467,70,299,788,34,446,469,93,670,589,25,230,189,82,336
16,2,15,677,7,449,400,48,800,130,40,145,133,70,578,679,23,157,145,3,580
23,2,15,229,33,689,389,5,357,446,47,269,448,67,368,589,25,357,145,1,579
2,3,15,458,78,567,390,28,189,559,94,158,380,18,224,404,404,404,367,69,379
9,3,15,459,81,119,125,82,200,678,14,158,457,61,669,404,404,404,404,404,404
16,3,15,404,404,404,340,71,560,480,27,223,180,97,223,390,26,150,566,73,490
23,3,15,226,5,447,150,62,480,590,43,256,590,49,568,456,50,127,469,98,125
30,3,15,124,73,670,346,37,278,149,40,569,559,95,357,455,45,159,690,57,160
6,4,15,229,35,447,169,65,249,479,0,190,377,79,270,338,42,129,279,88,459
13,4,15,117,99,126,147,28,800,788,35,799,224,83,779,369,88,369,237,22,129
20,4,15,118,0,569,168,58,189,688,22,246,470,13,157,244,8,558,139,31,137
27,4,15,356,48,378,270,97,700,278,70,235,478,94,347,780,59,478,448,67,467
4,5,15,358,64,266,448,61,290,279,80,370,450,93,355,670,31,489,399,15,258
11,5,15,677,0,299,266,43,779,680,42,255,360,98,369,119,11,146,680,43,346
18,5,15,446,47,160,269,74,167,559,97,188,457,60,370,240,69,360,258,55,140
25,5,15,127,8,369,356,49,568,345,25,500,166,30,460,340,74,699,278,70,479
1,6,15,136,8,170,248,43,580,558,80,668,259,61,236,447,58,468,226,4,590
8,6,15,488,7,890,569,1,227,299,8,125,137,17,467,600,62,138,557,73,256
15,6,15,112,45,799,168,59,225,578,2,679,559,92,345,670,35,500,579,13,346
22,6,15,147,21,128,266,46,123,389,4,266,399,17,566,248,47,269,389,1,128
29,6,15,349,65,889,168,50,460,245,13,689,245,17,890,450,94,149,126,92,138
6,7,15,569,5,456,139,30,488,116,86,880,788,30,145,889,52,480,457,63,120
13,7,15,149,49,180,136,6,556,177,58,224,880,65,258,556,63,355,404,404,404
20,7,15,127,4,338,146,15,258,248,49,234,370,4,167,700,76,169,278,73,157
27,7,15,448,60,460,249,51,380,249,51,137,159,50,136,279,83,445,560,10,389
3,8,15,589,22,480,459,84,149,579,17,278,288,85,780,699,45,168,369,87,223
10,8,15,367,61,146,126,97,467,689,38,125,249,55,258,147,20,460,404,404,404
17,8,15,120,36,790,148,30,280,334,6,150,690,59,379,489,19,180,477,85,780
24,8,15,340,70,235,466,68,260,689,34,239,126,91,560,134,86,457,404,404,404
31,8,15,780,52,200,480,24,770,490,34,130,388,93,788,359,71,245,258,54,400
7,9,15,235,9,478,289,93,238,690,57,359,228,23,445,236,14,239,899,65,357
14,9,15,780,52,147,346,30,136,130,46,367,499,20,280,404,404,404,149,48,189
21,9,15,124,71,579,570,23,788,259,63,355,600,60,370,270,92,126,369,80,668
28,9,15,459,89,338,600,62,129,489,17,999,246,23,238,470,11,335,148,34,590
5,10,15,156,29,199,456,50,569,224,88,459,680,46,259,570,20,370,130,45,456
12,10,15,166,37,566,334,6,367,170,80,280,144,91,380,134,88,567,489,19,450
19,10,15,577,99,478,560,12,480,156,60,136,404,404,404,127,7,890,689,36,358
26,10,15,160,78,350,224,86,358,448,61,128,349,63,139,269,74,590,880,61,344
2,11,15,237,21,236,129,28,116,499,23,346,478,98,134,358,67,188,345,23,120
16,11,15,690,54,257,780,58,459,490,37,340,459,89,234,140,58,558,249,55,690
23,11,15,489,16,466,457,61,245,245,15,456,138,22,156,590,40,569,133,75,357
30,11,15,157,31,119,247,38,378,668,7,340,790,68,170,146,18,459,347,46,367
7,12,15,129,25,500,369,84,257,479,0,190,366,51,588,700,79,379,177,57,458
14,12,15,224,85,366,180,91,380,568,98,350,160,78,350,146,19,379,266,44,356
21,12,15,668,8,369,260,85,799,780,51,245,799,57,269,668,9,388,124,79,126
28,12,15,568,90,488,189,85,258,566,77,278,456,52,138,127,3,599,146,17,340
4,1,16,688,21,380,149,40,460,270,90,299,256,35,159,460,1,236,248,44,239
11,1,16,338,44,347,260,88,468,156,29,225,404,404,404,568,91,146,230,59,450
18,1,16,339,50,145,190,9,450,278,74,347,156,24,149,280,0,677,170,81,344
25,1,16,456,51,399,404,404,404,127,6,178,567,81,236,400,42,660,356,42,570
1,2,16,300,30,370,180,94,239,117,91,155,249,53,238,147,21,128,490,34,248
8,2,16,145,1,146,146,13,490,668,4,130,770,47,467,690,50,190,479,8,279
15,2,16,569,3,599,900,93,580,599,39,180,279,88,189,114,60,578,899,64,130
22,2,16,700,79,234,489,14,347,248,45,348,146,18,350,116,83,445,559,93,670
29,2,16,348,57,278,690,54,356,367,64,158,148,35,168,245,15,140,260,89,270
7,3,16,778,24,446,258,51,489,267,51,470,346,33,256,350,86,556,120,33,490
14,3,16,112,48,170,360,99,379,688,27,269,489,11,245,448,62,345,126,95,780
21,3,16,480,24,167,577,98,125,115,75,357,404,404,404,178,67,368,270,98,468
28,3,16,570,26,169,558,81,470,570,25,159,399,12,390,347,42,499,237,26,367
4,4,16,339,55,113,350,80,334,167,43,238,166,34,680,290,19,478,110,26,457
11,4,16,127,7,115,279,88,990,599,36,150,245,11,128,590,49,135,127,2,345
18,4,16,160,72,156,350,80,569,225,90,370,480,21,344,128,11,579,378,81,470
25,4,16,355,32,390,680,43,670,127,3,166,900,96,268,144,97,368,110,24,257
2,5,16,359,79,469,450,96,358,360,91,399,789,49,126,345,27,223,579,16,150
9,5,16,790,60,488,347,44,400,299,7,278,458,75,168,236,19,478,467,72,129
16,5,16,788,39,450,246,21,155,588,15,339,339,58,170,380,17,467,470,17,179
23,5,16,690,57,557,780,53,689,266,42,246,124,79,469,122,59,379,130,46,150
30,5,16,468,88,477,179,71,669,157,38,378,445,33,689,399,18,378,778,27,467
6,6,16,360,94,400,139,30,370,127,9,450,557,76,240,230,55,690,260,85,249
13,6,16,357,58,279,690,51,236,269,75,258,667,92,345,899,60,127,389,4,239
20,6,16,900,92,589,260,81,380,233,89,568,249,53,157,247,31,146,140,56,367
27,6,16,780,52,589,336,20,334,778,21,489,355,37,223,489,11,119,280,4,590
4,7,16,246,22,156,800,83,300,278,72,570,404,404,404,679,26,240,558,80,136
11,7,16,590,41,588,568,96,457,778,25,348,348,54,149,129,20,145,168,52,246
18,7,16,128,11,128,336,20,226,247,34,167,334,9,478,400,43,689,404,404,404
25,7,16,117,91,155,117,84,680,560,13,346,370,0,479,668,2,480,589,29,234
1,8,16,455,41,560,458,74,149,258,55,177,599,38,468,337,35,140,139,36,123
8,8,16,278,73,599,259,60,235,480,21,380,667,91,128,130,48,170,679,20,136
15,8,16,404,404,404,457,65,140,259,65,140,404,404,404,166,39,135,478,92,156
22,8,16,128,15,122,339,53,346,255,26,457,479,6,457,166,32,688,126,43,247
29,8,16,230,53,120,146,19,478,178,65,249,790,68,369,390,26,367,479,6,349
5,9,16,557,75,780,404,404,404,125,85,500,260,82,390,890,78,116,577,93,689
12,9,16,256,36,600,790,68,233,116,81,236,399,19,360,490,39,270,380,14,680
19,9,16,270,98,558,680,41,236,245,14,239,367,65,780,190,6,259,477,85,258
26,9,16,125,88,189,789,40,136,179,76,349,134,88,378,169,65,159,129,21,137
3,10,16,234,98,134,579,11,560,356,40,190,145,4,358,188,79,117,224,81,489
10,10,16,460,7,467,134,81,399,129,28,134,127,9,234,190,1,470,289,92,237
17,10,16,246,29,234,349,67,890,466,65,113,590,42,156,160,75,456,490,31,560
24,10,16,158,47,179,158,44,112,579,11,579,128,17,269,404,404,404,404,404,404
7,11,16,359,72,255,110,25,690,224,84,590,404,404,404,404,404,404,404,404,404
21,11,16,259,62,147,339,59,199,170,87,458,137,11,380,577,94,347,489,15,456
28,11,16,380,13,670,130,44,158,270,92,570,460,2,147,779,31,579,125,80,370
5,15,16,478,98,170,268,61,380,569,2,147,122,55,447,148,30,569,267,55,258
12,12,16,569,1,678,359,76,880,126,98,233,447,59,478,167,48,125,345,24,356
19,12,16,230,58,477,127,4,239,455,41,245,245,12,129,269,77,269,140,51,146
26,12,16,338,47,566,556,64,158,235,4,680,690,58,189,228,21,344,230,52,570
2,1,17,790,69,469,389,2,237,246,27,890,125,87,124,137,16,457,560,19,478
9,1,17,477,81,579,220,44,356,389,1,380,339,55,122,780,58,116,404,404,404
16,1,17,138,24,789,560,14,167,249,51,579,380,15,357,238,31,128,159,57,340
23,1,17,169,60,550,146,13,139,379,97,278,404,404,404,189,84,248,189,86,240
30,1,17,139,33,346,120,38,378,780,55,168,359,72,778,345,28,558,138,25,258
6,2,17,466,61,128,579,14,130,120,39,469,668,5,177,490,37,188,450,99,379
13,2,17,277,62,129,289,90,488,180,92,138,124,73,346,700,77,340,580,31,290
20,2,17,268,62,336,180,90,244,579,16,358,388,96,114,355,33,337,246,20,136
27,2,17,457,67,160,578,8,288,25,76,268,560,11,290,460,9,469,780,57,359
6,3,17,146,16,457,789,43,300,380,19,360,990,80,280,226,6,367,150,65,140
13,3,17,404,404,404,137,19,559,459,85,258,680,46,150,124,73,490,600,67,368
20,3,17,288,86,448,770,46,178,360,94,446,169,64,356,338,41,588,268,68,260
27,3,17,340,78,468,370,5,258,120,39,667,259,67,340,112,44,446,189,83,120
3,4,17,789,41,128,290,12,589,159,55,690,100,12,390,558,86,277,459,80,136
10,4,17,347,46,150,346,33,346,339,57,890,599,31,146,560,12,129,258,59,568
17,4,17,677,1,380,680,49,559,340,72,390,115,77,188,140,56,259,468,82,237
24,4,17,590,41,290,779,36,349,289,90,550,260,88,350,249,55,780,150,67,124
1,5,17,670,33,670,578,4,130,278,87,359,146,18,369,450,96,358,269,71,489
8,5,17,789,42,688,122,59,568,127,8,990,115,74,149,366,53,337,226,1,669
15,5,17,356,48,440,278,78,189,578,4,257,578,2,138,116,87,124,136,8,477
22,5,17,138,21,245,569,4,167,669,19,180,189,82,345,125,86,259,100,13,148
29,5,17,389,2,345,249,52,679,190,5,159,257,41,128,244,7,124,458,77,557
5,6,17,699,49,577,477,87,278,117,99,577,245,11,579,488,1,579,239,40,136
12,6,17,290,11,380,558,87,368,130,48,350,258,57,124,260,81,245,125,85,780
19,6,17,157,30,46,556,62,237,128,19,360,179,73,337,469,94,130,680,43,120
26,6,17,404,404,404,230,53,247,115,72,390,344,13,238,670,30,370,123,61,290
3,7,17,900,95,456,229,35,258,346,32,679,460,8,440,379,95,159,337,37,340
10,7,17,770,45,159,599,34,699,118,85,267,250,71,236,123,64,356,380,15,230
17,7,17,579,10,389,118,87,449,455,43,120,670,35,249,668,8,378,268,62,589
24,7,17,460,7,179,177,51,155,156,22,589,770,46,790,166,33,580,357,50,677
31,7,17,380,12,480,134,80,370,120,35,168,355,33,139,688,27,368,249,55,456
7,8,17,404,404,404,579,10,145,388,97,890,245,18,170,470,16,123,670,34,220
14,8,17,350,83,337,404,404,404,699,47,467,377,76,169,890,70,370,238,32,156
21,8,17,579,13,337,170,80,460,155,15,267,188,75,177,224,85,168,404,404,404
28,8,17,133,72,499,456,57,368,255,20,190,146,16,169,248,48,279,257,46,268
4,9,17,480,27,223,667,93,148,370,5,690,456,54,248,180,96,150,229,36,240
11,9,17,600,63,599,134,80,668,779,30,235,360,98,170,299,9,117,125,89,180
18,9,17,589,26,600,779,39,144,449,86,123,450,92,156,790,62,147,358,67,179
25,9,17,449,76,349,258,50,370,899,62,778,100,15,799,267,50,280,404,404,404
2,10,17,570,25,230,489,16,150,490,39,234,247,39,135,115,79,559,346,37,278
9,10,17,459,88,369,178,64,149,369,83,139,114,64,158,489,14,248,234,93,247
23,10,17,404,404,404,404,404,404,468,86,466,380,18,288,130,43,229,300,31,146
30,10,17,470,14,356,190,0,389,599,39,234,116,88,800,370,7,115,500,51,128
6,11,17,138,23,346,290,10,578,144,93,670,124,74,446,149,44,777,166,34,789
13,11,17,160,72,129,670,35,249,347,45,258,167,45,140,190,3,445,456,54,167
20,11,17,226,8,477,229,37,188,378,84,149,566,79,225,330,68,134,128,12,679
27,11,17,169,61,380,790,67,278,580,33,580,150,60,280,138,22,499,358,68,134
4,12,17,689,33,157,779,37,340,369,84,789,167,44,257,180,95,690,440,83,788
11,12,17,239,47,449,690,59,135,480,29,469,559,98,279,580,33,346,127,0,145
18,12,17,338,46,169,359,74,699,134,82,129,289,91,137,679,21,155,590,48,279
25,12,17,348,56,150,380,19,135,440,84,770,178,62,246,467,73,166,290,12,255
1,1,18,134,88,134,700,70,145,589,24,167,400,45,113,678,15,258,346,31,579
8,1,18,156,25,690,148,32,778,299,4,248,116,83,580,237,28,558,458,79,234
15,1,18,136,1,399,560,10,280,220,43,670,168,51,560,789,45,258,670,31,470
22,1,18,379,99,225,168,52,147,180,96,367,145,0,479,404,404,404,158,41,245
29,1,18,345,22,156,344,14,338,467,75,230,480,21,489,130,42,499,248,43,346
5,2,18,280,6,349,117,94,248,158,49,180,147,26,358,568,96,349,237,22,147
12,2,18,240,60,190,280,0,127,250,70,578,789,49,289,227,13,337,147,29,117
19,2,18,136,1,128,400,43,779,550,2,200,399,10,370,259,61,380,700,73,580
26,2,18,700,72,237,235,7,115,146,16,268,449,79,360,404,404,404,135,97,278
5,3,18,358,69,568,123,60,578,126,95,456,126,99,469,578,2,147,688,29,135
12,3,18,120,30,226,246,25,249,358,63,300,445,35,249,240,66,790,126,97,359
19,3,18,337,32,336,134,84,130,448,67,700,478,98,468,500,56,457,340,76,790
26,3,18,378,81,380,690,56,367,167,45,456,330,67,278,137,13,247,366,50,479
2,4,18,259,66,114,690,59,568,124,72,255,566,70,145,688,23,445,247,39,577
9,4,18,589,27,133,680,44,356,880,62,778,118,4,158,389,7,124,145,15,780
16,4,18,567,86,457,390,29,900,460,2,390,235,3,256,380,15,690,236,19,568
23,4,18,299,6,367,899,69,577,569,5,113,117,97,124,190,2,129,240,65,267
30,4,18,117,95,889,236,11,137,117,95,159,468,87,223,167,44,149,600,63,148
7,5,18,138,23,120,226,5,258,356,43,139,134,86,169,230,54,770,360,90,127
14,5,18,556,61,137,257,48,459,244,4,789,450,91,100,125,86,358,468,86,367
21,5,18,367,69,478,146,13,148,260,87,458,267,50,136,480,27,340,128,14,158
28,5,18,150,69,900,149,48,369,770,40,479,569,4,167,459,80,569,137,16,169
4,6,18,239,41,245,680,48,378,247,36,790,367,68,369,134,87,269,799,52,499
11,6,18,237,23,346,667,90,370,470,15,339,255,28,233,667,99,225,404,404,404
18,6,18,139,35,799,369,88,350,240,64,248,127,7,458,279,83,148,348,52,480
25,6,18,160,72,246,250,76,556,578,3,670,458,78,125,250,70,190,358,60,578
2,7,18,249,53,256,136,9,289,460,5,168,458,72,156,480,23,346,189,87,124
9,7,18,370,6,169,378,87,467,188,72,660,126,93,148,245,19,900,577,97,124
16,7,18,370,7,458,440,81,100,440,80,479,457,63,355,113,59,568,256,39,289
23,7,18,250,75,348,690,55,230,159,55,258,169,66,367,677,7,250,112,44,266
30,7,18,233,89,117,456,52,138,236,15,690,890,76,259,335,11,236,157,30,127
6,8,18,455,48,468,589,22,156,470,10,190,120,39,559,225,90,299,680,47,278
13,8,18,479,6,240,890,70,479,404,404,404,227,11,470,138,22,345,146,12,345
20,8,18,490,38,279,134,85,267,458,72,345,346,39,360,346,35,780,689,37,467
27,8,18,350,87,250,890,75,447,129,28,125,579,18,468,244,6,150,368,71,579
3,9,18,589,22,138,569,5,159,266,40,569,560,10,235,580,31,236,123,69,289
10,9,18,690,56,114,347,46,330,100,18,990,404,404,404,347,44,789,178,62,570
17,9,18,380,18,440,289,99,289,500,55,889,112,47,566,559,99,478,244,3,157
24,9,18,478,96,150,670,39,450,459,84,789,900,93,490,236,19,360,357,59,478
1,10,18,225,95,230,779,36,178,379,96,457,267,54,239,390,21,227,247,32,156
8,10,18,280,3,788,158,49,568,239,46,268,489,14,239,679,29,360,129,27,359
15,10,18,790,68,233,247,38,350,360,95,113,368,75,258,258,54,590,389,4,167
22,10,18,190,9,135,220,42,570,566,73,148,277,67,179,159,50,118,179,70,578
29,10,18,456,55,258,388,91,399,330,61,236,369,82,336,579,18,189,589,23,120
12,11,18,157,31,245,390,22,679,356,49,270,145,3,247,366,52,200,267,58,378
19,11,18,560,12,147,127,9,126,147,22,778,457,65,230,889,53,490,130,40,145
26,11,18,167,44,347,130,42,480,478,93,490,378,89,135,778,22,660,334,8,189
3,12,18,189,88,378,566,74,770,348,55,348,490,34,446,359,78,468,250,71,579
10,12,18,158,46,349,147,22,480,467,70,479,236,16,240,127,5,690,299,4,680
17,12,18,346,32,480,499,21,128,880,65,177,330,69,225,236,19,568,134,89,568
24,12,18,457,68,378,113,57,340,378,87,890,247,30,136,568,94,338,350,88,125
31,12,18,167,49,568,450,98,125,270,91,669,560,13,355,228,27,999,278,76,259
7,1,19,250,72,246,136,3,580,660,20,550,258,59,379,370,3,157,458,74,239
14,1,19,404,404,404,150,60,244,149,47,269,145,4,455,790,66,349,288,80,145
21,1,19,148,34,248,449,71,669,880,64,266,200,22,660,589,25,447,404,404,404
28,1,19,346,38,800,358,66,457,268,67,458,136,5,447,588,13,670,167,44,590
4,2,19,230,56,277,229,31,470,570,20,578,480,27,890,790,63,139,278,81,290
11,2,19,470,12,255,288,85,690,480,29,900,290,13,139,667,96,268,250,79,234
18,2,19,779,38,567,788,37,557,378,82,688,290,18,567,116,88,378,467,71,128
25,2,19,349,67,700,159,59,568,490,30,235,345,24,220,470,13,247,289,94,149
4,3,19,257,47,340,100,11,128,128,15,339,379,92,246,145,0,460,220,44,257
11,3,19,688,23,689,579,11,579,900,94,356,350,87,160,590,46,240,288,87,367
18,3,19,355,38,288,360,90,677,189,80,569,404,404,404,589,25,357,158,40,190
25,3,19,180,95,348,590,46,790,249,57,278,133,79,568,147,23,580,500,57,269
1,4,19,147,28,134,788,34,455,110,21,236,160,73,445,268,60,235,260,84,149
8,4,19,388,92,237,770,47,233,478,91,669,300,30,190,579,10,569,789,45,122
15,4,19,145,3,139,280,8,468,450,90,235,790,67,160,467,70,190,588,14,239
22,4,19,230,59,450,114,60,136,499,21,380,133,78,260,259,64,356,490,39,270
29,4,19,257,46,268,499,21,290,236,19,180,367,65,357,479,6,790,247,34,590
6,5,19,267,56,880,580,32,480,223,71,155,589,21,470,135,98,468,568,97,890
13,5,19,578,4,455,470,18,350,600,62,570,780,53,337,157,36,277,237,23,670
20,5,19,455,44,149,233,86,556,370,5,799,267,52,390,678,15,799,140,53,355
27,5,19,560,13,157,378,86,349,239,45,348,347,42,679,350,88,224,256,35,159
3,6,19,227,15,168,566,78,440,230,54,770,379,93,148,257,47,359,223,79,144
10,6,19,467,72,147,137,18,378,480,27,188,134,88,260,347,43,490,339,57,160
17,6,19,690,52,679,568,95,500,568,93,670,457,61,470,550,9,144,338,41,137
24,6,19,557,78,279,125,83,157,258,55,155,160,74,158,236,11,245,239,44,789
1,7,19,557,70,235,330,67,368,139,32,345,579,19,360,455,43,166,457,65,258
8,7,19,900,97,340,240,62,237,257,46,123,469,97,124,147,24,148,129,24,158
15,7,19,260,83,120,147,20,550,120,36,790,680,43,256,190,3,148,138,22,345
22,7,19,224,89,577,404,404,404,459,86,457,134,81,380,890,78,459,558,86,556
29,7,19,370,2,589,568,92,129,570,29,225,130,42,237,237,22,679,690,54,446
5,8,19,257,48,125,260,82,129,126,95,690,259,67,890,688,25,456,560,14,158
12,8,19,467,73,490,128,11,245,590,43,120,404,404,404,388,98,134,358,61,137
19,8,19,568,93,238,269,78,459,467,73,157,479,0,235,230,53,120,358,61,579
26,8,19,470,19,568,578,2,570,579,11,236,279,81,137,150,60,145,299,2,480
2,9,19,334,5,230,404,404,404,589,25,456,145,4,699,334,4,590,690,55,258
9,9,19,580,39,379,389,0,145,280,4,257,468,88,369,458,77,890,136,3,139
16,9,19,138,26,358,250,71,137,670,31,146,380,10,479,259,60,334,679,29,450
23,9,19,480,25,140,147,23,139,340,73,247,150,61,678,269,74,590,680,46,268
30,9,19,159,58,477,267,53,599,158,48,170,677,5,258,788,33,580,368,76,150
7,10,19,666,85,168,590,41,399,239,47,340,367,69,289,180,91,227,123,69,270
14,10,19,137,14,158,227,63,355,459,81,344,230,57,278,339,51,128,379,97,449
21,10,19,230,57,890,667,90,578,469,96,150,190,7,160,404,404,404,404,404,404
4,11,19,467,73,689,269,77,124,478,90,460,356,41,100,577,97,340,378,87,124
11,11,19,148,35,348,347,46,790,380,14,266,557,77,458,226,5,249,890,71,678
18,11,19,470,14,266,238,30,299,299,6,259,570,28,369,237,21,128,156,24,239
25,11,19,678,13,580,779,33,256,148,40,578,399,13,580,556,69,478,126,98,189
2,12,19,599,31,380,468,81,560,257,40,127,169,60,127,390,29,126,457,65,230
9,12,19,238,36,880,456,53,570,267,59,180,138,21,236,145,9,135,459,84,257
16,12,19,335,10,479,119,14,130,157,35,780,678,16,268,257,46,240,570,21,155
23,12,19,490,34,347,168,59,388,190,6,358,679,26,259,477,86,123,360,97,269
30,12,19,448,68,369,799,50,280,778,27,133,170,82,570,159,50,280,290,12,345
6,1,20,500,59,289,370,3,238,256,39,667,138,24,239,369,86,358,688,25,140
13,1,20,449,77,124,568,95,357,267,57,340,460,8,459,235,3,490,127,3,120
20,1,20,134,82,480,490,31,290,560,17,223,238,35,690,460,9,478,349,65,799
27,1,20,159,52,480,467,76,349,457,69,270,458,78,260,178,64,149,148,38,459
3,2,20,334,8,558,228,28,477,110,25,140,167,48,116,699,43,355,256,32,679
10,2,20,335,10,334,449,77,160,589,25,357,334,5,456,380,13,256,370,3,346
17,2,20,579,12,156,158,44,149,355,38,260,459,87,359,234,91,137,226,8,170
24,2,20,223,70,370,340,77,359,368,75,113,230,51,579,239,45,159,280,4,257
2,3,20,259,69,180,147,20,235,470,11,777,260,88,260,290,12,147,268,61,344
9,3,20,168,55,159,404,404,404,370,6,349,670,36,268,248,40,235,239,43,779
16,3,20,388,90,226,127,2,660,388,91,679,128,19,667,280,9,289,140,51,137
18,5,20,404,404,404,699,47,340,670,34,356,369,80,127,779,34,112,180,98,558
25,5,20,258,55,690,230,50,578,468,83,670,560,19,135,140,51,579,125,88,134
1,6,20,900,97,700,357,53,445,145,8,567,349,60,190,159,54,167,446,49,568
8,6,20,558,86,178,267,52,138,120,38,350,339,51,489,148,34,446,670,30,479
15,6,20,380,18,233,339,50,244,340,75,140,230,53,120,125,84,239,899,68,260
22,6,20,128,17,890,179,70,460,224,86,790,138,26,600,349,60,136,358,64,167
29,6,20,125,82,129,159,52,345,390,23,166,450,96,259,120,32,570,377,73,256
6,7,20,366,54,455,247,30,190,235,4,167,146,11,579,120,39,379,118,6,457
13,7,20,114,67,467,344,12,589,157,30,479,789,48,567,278,75,168,269,78,378
20,7,20,135,95,140,140,50,460,469,93,247,129,29,469,247,37,179,223,75,159
27,7,20,366,58,170,688,23,445,159,56,457,448,61,669,278,72,679,258,51,489
3,8,20,399,17,890,159,55,357,268,62,390,236,19,568,380,14,400,225,93,346
10,8,20,279,84,167,279,87,160,470,17,340,346,39,234,147,20,136,404,404,404
17,8,20,780,55,267,256,33,445,240,63,238,700,77,160,227,13,148,560,13,490
24,8,20,267,57,269,160,74,239,799,56,899,688,20,235,349,64,770,290,14,356
31,8,20,230,51,236,230,58,125,378,87,133,137,12,390,480,27,133,567,85,889
7,9,20,358,68,134,128,14,167,223,76,240,270,90,668,477,82,778,155,10,370
14,9,20,128,14,770,690,53,229,570,26,790,378,88,468,246,27,449,367,60,460
21,9,20,123,65,168,290,17,250,669,12,679,190,4,699,379,91,579,345,28,279
28,9,20,358,69,478,126,90,370,117,98,477,245,18,800,457,68,369,245,14,680
5,10,20,459,84,266,267,51,146,670,31,119,179,73,490,568,97,700,260,86,123
12,10,20,260,84,347,489,15,348,136,2,570,689,36,358,148,30,460,116,80,190
19,10,20,239,47,340,260,86,150,568,90,578,188,76,240,146,16,178,367,64,158
26,10,20,133,78,800,170,83,148,445,31,236,360,91,579,127,9,379,129,26,268
2,11,20,467,73,256,135,93,148,789,49,135,120,37,160,459,83,256,789,42,255
16,11,20,404,404,404,404,404,404,404,404,404,589,20,235,145,1,137,559,94,446
23,11,20,248,40,479,335,12,588,470,18,477,679,22,147,469,99,135,156,28,800
30,11,20,579,16,259,367,60,460,190,9,388,146,12,660,188,79,577,359,78,134
7,12,20,360,93,580,566,70,677,445,33,670,259,69,270,269,73,238,578,7,368
14,12,20,229,33,157,278,79,135,289,94,338,167,43,148,156,26,367,368,73,120
21,12,20,125,85,447,579,13,337,300,30,136,389,5,168,489,14,400,168,54,149
28,12,20,348,56,178,668,5,230,468,83,238,299,8,468,346,30,668,167,44,149
4,1,21,238,38,125,449,73,247,135,91,146,246,22,129,480,27,566,390,22,570
11,1,21,136,8,233,250,75,889,345,26,899,677,9,225,456,50,190,257,44,680
18,1,21,569,7,269,127,5,249,569,6,268,239,42,129,679,25,159,237,21,489
25,1,21,357,55,230,404,404,404,156,24,112,440,82,570,290,16,259,249,52,228
1,2,21,249,51,470,589,22,246,479,9,270,199,95,140,137,19,557,367,62,499
8,2,21,178,64,239,456,54,680,457,64,680,680,43,157,690,53,157,489,15,780
15,2,21,127,8,350,588,12,129,790,61,579,467,79,450,167,43,490,799,52,138
22,2,21,455,46,330,115,81,380,300,33,148,120,33,139,679,24,347,390,28,350
1,3,21,245,19,478,255,23,247,139,30,118,145,4,248,378,87,179,133,75,456
8,3,21,124,72,570,367,69,450,359,71,236,129,22,237,278,71,155,480,29,135
15,3,21,118,88,288,170,86,457,160,70,235,126,95,249,680,49,289,235,5,140
22,3,21,167,43,689,169,69,225,130,47,566,347,40,578,179,75,113,257,47,278
29,3,21,404,404,404,690,57,179,236,18,369,579,12,138,350,83,670,359,74,239
5,4,21,136,0,370,478,94,220,126,97,458,570,27,458,667,92,255,390,28,378
12,4,21,466,62,390,466,64,338,230,50,370,224,88,369,888,47,269,277,66,457
19,4,21,568,95,348,677,7,359,170,88,125,155,13,490,499,27,368,360,95,357
26,4,21,290,11,669,260,86,178,379,98,369,135,94,167,679,25,177,144,93,120
3,5,21,370,8,800,677,2,200,120,31,470,240,69,289,688,25,780,270,97,467
10,5,21,279,85,249,299,2,246,110,23,670,255,26,349,180,91,146,580,39,379
17,5,21,368,79,144,247,38,440,223,78,116,239,40,334,125,84,257,267,54,248
24,5,21,270,99,126,580,36,150,556,61,489,279,81,137,177,57,160,470,11,588
31,5,21,360,99,199,346,32,390,456,59,270,189,86,880,489,11,245,236,15,366
7,6,21,479,0,488,178,67,340,346,31,335,490,39,144,148,31,128,170,80,578
14,6,21,367,67,124,120,36,169,380,10,334,479,9,478,356,47,458,267,52,345
21,6,21,259,61,245,346,30,668,689,34,356,112,43,120,160,73,229,247,31,380
28,6,21,677,8,990,356,43,580,367,62,589,140,50,569,338,48,558,233,82,156
5,7,21,233,88,189,370,6,123,447,50,668,229,35,339,234,90,389,699,49,478
12,7,21,660,28,558,247,31,290,156,24,347,150,62,390,478,96,880,130,46,358
19,7,21,233,84,130,668,8,369,249,58,116,120,36,367,570,25,230,780,56,790
26,7,21,378,88,170,455,49,333,138,22,138,180,99,270,124,70,280,567,84,257
2,8,21,490,33,490,660,29,388,139,34,112,466,66,349,138,20,244,458,71,100
9,8,21,460,5,690,679,25,447,578,2,255,245,14,455,477,84,257,179,73,689
16,8,21,367,68,170,277,61,579,334,4,446,677,4,590,268,66,169,667,94,130
23,8,21,499,28,468,148,38,189,127,0,370,377,73,148,450,93,167,488,6,790
30,8,21,177,57,160,569,2,499,569,3,689,346,37,467,135,91,128,269,75,159
6,9,21,113,56,169,120,35,780,114,68,224,780,56,114,127,1,470,404,404,404
13,9,21,366,51,227,369,81,579,134,85,258,568,91,137,560,12,688,268,67,124
20,9,21,447,59,577,336,23,445,124,73,120,113,53,580,130,41,470,567,81,290
27,9,21,258,58,468,900,99,234,699,44,239,300,31,470,120,38,558,900,91,380
4,10,21,700,74,446,137,16,178,270,93,300,477,89,234,345,29,568,568,94,248
11,10,21,370,8,378,556,67,179,567,88,459,457,65,168,459,86,790,157,38,378
18,10,21,129,27,223,368,79,900,259,64,338,670,39,289,136,9,289,780,53,157
25,10,21,230,59,388,789,47,377,378,87,269,167,40,145,258,58,350,128,10,389
8,11,21,404,404,404,170,88,224,479,7,160,778,27,368,125,84,248,246,20,136
15,11,21,579,10,488,334,4,220,134,83,490,367,60,370,390,29,360,235,7,278
22,11,21,133,78,224,255,29,559,239,41,669,280,6,330,239,48,990,556,63,337
29,11,21,680,48,350,580,34,112,170,89,144,345,28,134,890,71,146,790,63,247
6,12,21,223,77,467,359,72,156,349,64,680,588,17,557,146,16,448,160,76,349
13,12,21,560,17,269,569,2,589,790,60,127,369,87,179,480,20,370,440,89,135
20,12,21,590,47,115,144,97,269,290,13,670,288,82,237,569,0,668,337,38,279
27,12,21,678,15,159,356,49,270,250,76,330,259,61,137,126,99,126,367,60,244
3,1,22,790,63,300,578,4,347,239,42,156,137,12,589,580,31,560,580,38,468
10,1,22,500,51,588,146,10,668,126,96,240,357,57,890,169,66,457,237,23,139
17,1,22,378,81,227,244,9,379,780,51,489,404,404,404,780,51,227,168,59,135
24,1,22,446,42,688,223,72,499,404,404,404,250,76,123,336,28,990,399,14,158
31,1,22,489,13,148,599,34,149,257,46,880,670,37,160,130,44,158,200,27,890
7,2,22,258,50,280,257,42,345,567,84,356,179,70,226,668,3,139,147,29,234
14,2,22,378,89,126,226,5,177,600,66,880,177,50,389,599,32,345,124,77,340
21,2,22,780,56,466,156,26,123,460,4,400,689,35,168,577,92,237,123,67,368
28,2,22,467,71,489,129,23,445,227,12,336,240,62,480,335,15,267,800,81,579
7,3,22,468,86,114,688,20,136,166,39,225,800,87,467,125,81,245,146,17,890
14,3,22,580,30,389,269,73,788,125,81,137,128,12,237,404,404,404,368,75,267
21,3,22,670,39,478,368,75,690,130,40,136,150,65,258,146,14,356,160,74,248
28,3,22,349,68,990,789,45,456,289,95,348,237,21,128,448,62,570,138,27,467
4,4,22,290,12,246,157,36,150,247,37,890,280,9,270,200,25,366,270,90,145
11,4,22,780,52,129,289,91,335,590,40,578,118,3,346,257,46,457,259,61,470
18,4,22,570,27,269,356,48,468,100,13,490,560,16,367,350,82,138,126,91,489
25,4,22,460,6,466,338,49,667,244,4,789,246,25,500,445,39,559,237,29,180
2,5,22,115,76,169,227,14,356,129,20,578,249,51,236,559,98,125,137,17,179
9,5,22,404,404,404,266,46,178,404,404,404,566,77,179,468,89,289,457,68,288
16,5,22,469,95,249,468,89,144,240,61,236,340,74,590,238,34,680,479,3,148
23,5,22,135,91,489,679,29,478,459,81,100,489,13,580,245,10,280,390,29,568
30,5,22,224,81,344,900,96,349,568,96,240,246,26,150,456,54,158,237,23,580
6,6,22,368,77,367,126,95,168,249,52,345,356,41,236,178,65,249,348,51,245
13,6,22,370,3,346,279,88,378,148,37,160,188,77,124,556,64,257,347,42,570
20,6,22,112,40,244,250,72,237,800,81,137,134,81,236,133,70,190,447,51,137
27,6,22,560,12,778,489,16,169,677,9,117,388,94,130,378,85,690,170,80,235
4,7,22,155,12,499,289,93,148,456,56,277,479,0,460,770,49,577,150,64,789
11,7,22,679,21,290,340,79,180,455,48,990,689,30,226,113,52,129,378,85,140
18,7,22,259,66,240,126,94,158,188,70,460,245,13,490,345,28,378,567,89,126
25,7,22,560,13,788,227,17,179,690,50,127,789,46,240,289,96,240,136,9,289
1,8,22,178,67,278,690,54,130,257,41,489,680,44,248,569,7,890,158,43,157
8,8,22,400,43,670,179,77,467,377,75,690,467,72,246,134,81,560,569,0,370
15,8,22,404,404,404,234,95,456,168,53,337,230,58,459,456,50,460,345,23,120
22,8,22,488,7,124,147,29,180,456,59,135,358,65,159,478,97,458,350,82,156
29,8,22,480,21,236,490,32,390,404,404,404,460,0,578,560,13,247,279,80,578
5,9,22,670,32,345,125,82,246,459,84,257,139,32,156,160,77,160,390,26,178
12,9,22,468,87,449,457,68,369,349,65,357,140,50,299,136,0,145,467,77,890
19,9,22,124,74,130,339,59,135,167,44,680,155,14,770,147,28,116,178,63,166
26,9,22,339,51,245,600,63,670,899,60,118,679,25,357,457,68,170,200,21,137
3,10,22,370,1,137,117,90,280,670,37,467,278,74,112,445,35,366,589,28,468
10,10,22,257,48,440,227,15,258,478,96,790,270,95,230,356,41,119,279,84,400
17,10,22,100,14,266,380,12,589,156,22,480,245,17,124,268,62,480,404,404,404
31,10,22,269,79,126,179,78,125,138,26,330,136,7,269,789,46,457,227,19,234
7,11,22,400,47,179,290,11,128,450,99,559,579,11,579,357,50,190,135,98,170
14,11,22,280,5,249,145,7,340,289,94,239,122,59,379,116,80,235,440,81,489
21,11,22,789,45,230,239,40,127,779,34,248,346,36,899,157,32,147,990,85,258
28,11,22,457,60,145,470,12,589,589,28,567,466,63,445,468,89,270,169,64,130
5,12,22,238,39,117,899,60,244,178,63,148,780,57,458,236,13,300,580,34,590
12,12,22,330,65,168,288,87,340,246,22,390,148,30,334,159,56,899,469,91,380
19,12,22,358,63,779,678,14,248,468,81,290,145,2,390,470,17,278,145,8,369
26,12,22,257,45,447,120,39,270,269,71,119,127,6,178,466,60,668,790,60,569
2,1,23,345,26,268,370,4,167,124,70,488,900,96,268,459,81,588,136,7,467
9,1,23,177,59,234,127,7,890,479,3,346,456,54,356,478,92,246,568,97,160
16,1,23,460,0,569,246,25,500,220,43,779,160,71,380,336,29,180,370,6,899
23,1,23,246,21,128,680,48,468,577,91,678,404,404,404,459,80,370,114,69,117
30,1,23,224,81,100,259,67,467,799,53,599,224,82,778,370,3,148,246,26,790
6,2,23,568,98,440,669,13,490,239,42,345,447,51,669,225,97,449,455,44,248
13,2,23,259,62,156,150,68,567,223,77,278,123,64,789,470,14,680,237,25,230
20,2,23,890,72,345,589,23,580,380,16,790,158,49,360,128,15,799,367,63,148
27,2,23,488,0,460,336,22,589,779,34,130,147,27,890,169,66,457,267,53,689
6,3,23,249,53,346,248,45,258,404,404,404,499,21,470,367,63,300,245,17,278
13,3,23,679,27,700,148,30,479,460,0,460,249,57,458,258,51,489,345,25,122
20,3,23,266,40,389,123,60,370,127,1,146,124,75,267,239,44,149,149,44,130
27,3,23,257,42,480,568,96,240,589,24,699,240,63,139,124,76,123,135,90,569
3,4,23,112,41,470,677,9,388,225,93,157,478,96,169,679,20,569,169,62,246
10,4,23,588,11,100,300,31,560,355,36,277,269,79,289,479,7,179,560,13,157
17,4,23,588,10,235,780,52,480,890,76,899,146,15,159,133,74,239,237,29,568
24,4,23,137,10,136,499,21,245,670,34,680,169,64,167,370,7,269,139,34,338
1,5,23,124,72,147,335,10,578,578,5,889,570,26,123,128,16,358,225,93,788
8,5,23,139,30,127,237,26,150,278,76,790,455,48,170,233,82,147,249,55,249
15,5,23,490,32,147,790,62,345,259,64,699,668,9,117,100,13,238,236,19,568
22,5,23,126,99,126,200,28,990,680,49,577,358,68,233,258,57,269,460,9,270
29,5,23,577,90,370,116,88,567,450,98,558,770,49,379,259,67,160,240,64,347
5,6,23,234,93,490,588,19,450,255,23,337,349,60,370,567,85,258,589,24,680
12,6,23,899,62,200,667,90,578,240,65,177,799,52,246,148,34,699,148,32,345
19,6,23,229,33,670,445,32,246,349,69,450,129,29,135,348,57,223,346,31,119
26,6,23,144,99,289,477,82,390,489,16,457,335,16,790,167,42,570,345,27,458
3,7,23,148,38,369,456,56,880,780,59,478,689,33,238,112,44,167,170,85,690
10,7,23,220,44,347,666,85,339,125,85,267,550,1,399,120,38,350,368,71,245
17,7,23,130,49,270,334,7,566,489,11,560,889,53,238,234,93,157,289,95,456
24,7,23,246,20,136,550,4,266,225,99,289,146,18,233,248,45,267,578,4,590
31,7,23,260,88,468,128,17,133,126,91,380,359,79,667,470,10,145,115,72,679
7,8,23,180,98,558,467,72,129,378,85,168,256,33,490,128,19,568,370,5,249
14,8,23,129,24,257,404,404,404,130,43,247,678,11,380,590,44,257,459,82,237
21,8,23,404,404,404,499,28,260,377,78,567,227,16,457,770,47,133,770,40,488
28,8,23,789,42,345,788,39,234,490,37,467,240,60,389,689,36,367,136,9,180
4,9,23,399,19,360,348,57,250,240,60,569,147,20,299,569,0,235,378,84,789
11,9,23,890,70,677,237,26,349,889,51,290,568,93,229,180,97,377,458,78,116
18,9,23,147,25,348,125,89,450,234,97,160,460,4,680,490,34,266,112,43,490
25,9,23,458,73,247,380,15,780,136,5,500,256,39,117,269,77,340,468,80,578
2,10,23,670,32,129,257,47,340,233,85,348,247,32,570,158,43,670,130,40,190
9,10,23,470,15,249,279,86,457,126,99,360,580,38,567,469,99,450,120,38,558
16,10,23,560,13,599,170,84,158,578,6,448,240,65,168,360,98,260,669,16,268
23,10,23,689,38,125,345,26,123,334,2,778,578,2,336,580,39,126,348,57,160
30,10,23,126,90,479,137,19,289,889,56,240,790,69,117,345,23,139,466,62,480
6,11,23,114,65,249,128,10,578,678,19,379,268,68,189,404,404,404,404,404,404
20,11,23,189,82,255,120,34,248,478,91,588,449,77,467,356,45,348,669,15,348
27,11,23,399,14,446,234,99,568,378,84,239,457,64,400,334,8,800,237,23,256
4,12,23,144,90,578,156,24,446,680,48,990,268,68,125,159,57,368,359,71,146
11,12,23,559,94,789,234,95,267,467,76,268,890,79,135,249,50,389,359,76,123
18,12,23,340,77,890,167,41,678,267,53,256,113,54,347,255,21,137,268,63,148
25,12,23,400,42,778,467,75,113,588,14,248,359,79,126,600,67,467,560,15,267
1,1,24,230,50,280,279,88,288,459,80,488,568,96,349,150,69,270,340,79,478
8,1,24,790,61,777,299,2,480,889,50,190,349,68,468,127,2,345,156,27,250
15,1,24,890,77,188,145,8,189,369,88,440,244,1,380,890,77,458,290,18,369
22,1,24,568,91,146,169,61,380,570,28,279,123,64,149,404,404,404,789,44,789
29,1,24,137,12,480,456,50,145,226,5,456,135,99,478,550,5,357,145,4,257
5,2,24,250,70,190,180,95,159,134,87,368,134,81,245,239,41,678,249,58,189
12,2,24,149,40,578,123,66,178,158,44,149,456,52,480,118,5,230,358,62,246
19,2,24,225,97,115,156,20,479,455,40,479,235,8,666,790,67,449,670,36,358
26,2,24,460,1,155,569,5,780,699,46,178,234,94,455,129,27,250,450,92,570
4,3,24,560,17,368,449,70,280,600,63,229,248,47,890,568,95,258,237,24,699
11,3,24,678,13,166,180,98,260,370,1,579,160,78,350,159,53,670,236,19,180
18,3,24,347,44,248,578,1,245,146,12,156,399,16,240,238,34,347,240,66,349
25,3,24,404,404,404,157,37,340,378,84,257,670,30,569,267,57,250,257,46,358
1,4,24,169,67,269,178,62,228,689,39,270,244,4,680,689,32,138,800,88,224
8,4,24,126,91,399,160,78,567,230,51,560,280,4,347,578,6,358,139,35,168
15,4,24,455,41,137,479,3,238,467,73,490,670,39,478,779,39,360,669,10,578
22,4,24,126,90,569,179,71,560,178,69,478,148,31,669,240,65,168,146,13,148
29,4,24,278,78,459,155,19,379,256,39,900,336,29,180,235,2,129,280,9,450
6,5,24,468,82,129,400,40,244,137,17,449,239,43,247,279,89,478,478,91,137
13,5,24,445,35,140,167,43,346,167,46,880,590,42,589,350,84,158,149,47,557
20,5,24,590,40,127,246,25,690,350,86,349,249,57,160,789,43,139,249,57,250
27,5,24,380,19,478,170,89,379,157,35,230,148,32,679,269,76,268,230,59,568
3,6,24,567,85,267,358,63,148,680,43,788,148,30,280,137,15,889,557,79,360
10,6,24,349,67,340,360,95,690,236,15,230,278,72,138,369,89,135,680,48,189
17,6,24,370,1,236,668,0,190,390,22,200,170,88,567,137,13,120,266,42,778
24,6,24,569,0,578,170,86,790,779,31,588,337,33,346,126,95,113,778,23,689
1,7,24,688,25,230,358,68,279,380,14,112,660,28,558,350,88,468,559,96,268
8,7,24,358,62,156,790,62,228,179,72,147,269,76,123,140,54,239,790,68,170
15,7,24,789,48,260,239,43,256,157,36,349,347,40,677,458,72,679,226,8,125
22,7,24,459,88,369,136,6,268,236,11,678,789,41,236,450,90,190,780,55,159
29,7,24,346,39,135,579,12,390,124,70,145,120,39,469,890,73,599,458,73,689
5,8,24,124,77,269,389,9,289,123,66,600,678,13,346,679,21,290,677,7,890
12,8,24,279,84,699,246,20,668,567,89,289,404,404,404,455,41,100,115,70,280
19,8,24,599,38,350,223,77,340,125,84,149,190,3,148,345,28,468,134,86,790
26,8,24,578,4,356,180,91,137,579,15,159,230,52,679,556,68,369,248,45,357
2,9,24,129,29,379,128,10,668,680,48,477,477,88,260,267,51,579,404,404,404
9,9,24,169,61,290,340,74,130,257,49,469,459,87,340,590,49,126,160,71,380
16,9,24,600,64,680,240,65,555,690,57,269,579,11,245,246,28,378,250,71,236
23,9,24,889,55,258,167,42,688,688,23,580,700,74,680,130,42,589,458,79,469
30,9,24,457,66,240,156,23,580,128,19,469,125,80,578,148,34,257,145,5,780
7,10,24,356,43,689,240,61,236,330,61,470,347,46,114,125,88,224,179,75,690
14,10,24,179,79,270,445,35,159,679,29,360,679,21,128,460,4,248,139,31,335
21,10,24,149,49,478,259,62,570,145,2,237,268,60,280,577,90,190,145,9,289
4,11,24,404,404,404,404,404,404,389,7,467,155,16,114,890,73,256,257,48,233
11,11,24,278,73,670,390,22,778,446,45,500,259,60,226,369,89,289,340,77,458
18,11,24,170,86,880,270,92,679,230,59,450,270,94,590,478,93,256,580,35,267
25,11,24,568,92,778,349,62,237,260,89,360,558,82,237,560,18,233,490,32,390
2,12,24,267,53,689,119,12,345,235,3,247,400,41,155,348,54,266,488,4,455
9,12,24,447,53,490,118,1,489,600,68,477,578,1,119,457,66,259,679,22,246
16,12,24,490,31,227,780,55,799,126,93,157,459,84,130,237,27,890,260,87,890
23,12,24,140,58,369,125,85,267,116,82,589,147,27,890,249,55,456,356,46,358
30,12,24,345,28,134,169,69,360,199,98,233,678,19,180,130,46,150,169,68,350
6,1,25,567,81,678,479,3,247,480,24,130,169,67,359,579,19,360,490,38,369
13,1,25,480,26,880,278,72,156,127,8,468,235,7,160,260,88,189,140,56,259
20,1,25,489,16,367,137,19,388,179,70,460,268,66,178,258,54,446,249,53,120
27,1,25,569,8,134,357,54,112,179,74,770,158,43,337,378,88,279,467,73,346
3,2,25,177,53,120,589,28,224,110,24,266,247,35,168,389,4,347,145,9,478
10,2,25,235,2,246,136,8,800,366,55,267,499,29,180,234,98,350,158,45,140
17,2,25,116,89,234,159,57,160,260,82,570,238,36,114,358,62,110,780,52,390
24,2,25,370,5,447,358,63,238,556,65,230,250,79,270,388,94,699,118,3,238
3,3,25,126,95,456,124,70,244,330,67,890,578,9,379,237,26,600,369,89,568
10,3,25,467,78,459,458,78,477,379,93,346,349,69,378,404,303,404,490,31,146
17,3,25,467,77,269,113,51,380,558,82,156,440,89,270,456,55,456,125,85,168
24,3,25,299,2,345,199,90,370,112,46,349,138,21,560,345,23,139,116,88,350
31,3,25,247,37,179,690,51,137,337,33,247,120,37,449,200,23,247,260,84,239
7,4,25,280,9,234,880,65,690,457,61,380,129,25,690,880,64,158,590,45,177
14,4,25,369,80,334,568,93,157,160,76,268,170,87,160,244,7,160,240,62,370
21,4,25,145,5,168,246,28,189,680,44,167,156,27,160,235,5,690,126,94,149
28,4,25,239,45,177,280,5,780,158,47,133,159,51,678,668,5,140,234,96,240
5,5,25,259,64,266,348,57,340,357,59,379,258,56,178,279,86,880,167,44,149
12,5,25,467,79,270,235,6,600,179,74,239,170,82,390,678,12,345,580,32,237
19,5,25,589,29,199,780,56,123,267,50,145,126,95,159,116,81,155,700,77,467
26,5,25,128,18,477,146,17,890,460,8,369,167,41,399,558,87,250,399,13,256
2,6,25,224,81,470,677,6,358,123,69,900,369,86,268,150,64,220,368,303,404
9,6,25,169,60,479,490,37,340,235,5,780,235,3,689,177,55,258,389,2,589
16,6,25,499,22,688,290,13,355,570,29,360,280,1,560,177,59,379,447,16,367
23,6,25,250,70,299,136,9,117,279,87,278,356,40,479,560,18,170,236,10,280
30,6,25,245,19,559,360,98,459,356,42,129,460,9,360,560,18,468,899,68,125
7,7,25,679,25,159,589,24,248,400,46,457,357,57,223,470,17,278,990,85,348
14,7,25,404,303,404,404,303,404,404,303,404,404,303,404,404,303,404,404,303,404
21,7,25,404,303,404,404,303,404,404,303,404,404,303,404,404,303,404,404,303,404
21,7,25,404,303,404,404,303,404,404,303,404,404,303,404,404,303,404,404,303,404
28,7,25,404,303,404,404,303,404,404,303,404,404,303,404,404,303,404,404,303,404
4,8,25,404,303,404,404,303,404,404,303,404,404,303,404,404,303,404,404,303,404
11,8,25,404,303,404,404,303,404,404,303,404,404,303,404,404,303,404,404,303,404
18,8,25,404,303,404,404,303,404,404,303,404,404,303,404,404,303,404,404,303,404
25,8,25,404,303,404,404,303,404,404,303,404,404,303,404,404,303,404,404,303,404
8,9,25,404,303,404,404,303,404,404,303,404,404,303,404,404,303,404,404,303,404
15,9,25,404,303,404,404,303,404,404,303,404,404,303,404,404,303,404,404,303,404
22,9,25,404,303,404,404,303,404,404,303,404,404,303,404,404,303,404,404,303,404
29,9,25,404,303,404,404,303,404,404,303,404,404,303,404,404,303,404,404,303,404
6,10,25,404,303,404,404,303,404,404,303,404,404,303,404,404,303,404,404,303,404
13,10,25,404,303,404,404,303,404,404,303,404,404,303,404,404,303,404,404,303,404
20,10,25,404,303,404,404,303,404,404,303,404,404,303,404,404,303,404,404,303,404
27,10,25,404,303,404,404,303,404,404,303,404,404,303,404,404,303,404,404,303,404
3,11,25,404,303,404,404,303,404,404,303,404,404,303,404,404,303,404,404,303,404
10,11,25,404,303,404,404,303,404,404,303,404,404,303,404,404,303,404,404,303,404
17,11,25,404,303,404,404,303,404,404,303,404,404,303,404,404,303,404,404,303,404
24,11,25,404,404,404,404,404,404,404,404,404,404,404,404,404,404,404,404,404,404
8,12,25,404,404,404,404,404,404,404,404,404,404,404,404,404,404,404,404,404,404
15,12,25,404,404,404,404,404,404,404,404,404,404,404,404,404,404,404,404,404,404
22,12,25,404,404,404,404,404,404,404,404,404,404,404,404,404,404,404,404,404,404
29,12,25,404,404,404,404,404,404,404,404,404,404,404,404,404,404,404,404,404,404
