6,5,13,570,24,167,380,12,156,250,76,169,466,64,356,799,57,278,457,62,147,404,404,404
13,5,13,369,81,290,478,95,348,677,6,240,370,9,126,147,27,368,247,34,130,130,49,450
20,5,13,156,20,578,125,82,678,149,49,900,245,13,157,490,31,470,277,63,148,470,19,667
27,5,13,890,78,116,247,34,239,370,5,456,449,70,226,190,2,237,147,27,115,569,6,448
3,6,13,257,48,125,220,47,357,889,53,247,560,18,116,404,404,404,404,404,404,404,404,404
10,6,13,367,69,289,467,75,168,137,14,158,245,10,578,129,23,139,288,81,146,560,15,447
17,6,13,247,32,129,115,71,560,479,5,113,789,48,468,360,96,880,189,80,127,129,22,246
24,6,13,380,15,780,177,54,257,590,40,677,499,27,269,134,85,249,129,27,124,478,98,134
1,7,13,245,12,156,440,89,180,128,16,358,226,1,155,144,97,160,158,44,266,148,32,778
8,7,13,467,78,378,568,93,346,260,82,147,390,27,368,899,68,233,278,75,168,159,50,235
15,7,13,459,81,100,230,55,168,470,17,160,145,43,580,369,86,169,280,8,279,146,14,770
22,7,13,900,94,112,255,22,228,346,39,126,455,43,580,369,86,169,280,8,279,146,14,770
29,7,13,145,3,346,288,80,118,258,58,800,169,61,128,110,28,260,167,46,169,124,71,678
5,8,13,380,17,269,270,95,456,117,91,380,337,36,222,404,404,404,133,71,100,124,74,149
12,8,13,590,42,660,688,23,247,668,6,556,404,404,404,478,91,137,189,88,170,580,39,577
19,8,13,223,77,890,404,404,404,670,39,360,169,67,278,578,9,180,600,63,256,250,77,368
26,8,13,145,7,368,447,59,559,368,72,246,137,11,380,459,86,367,348,51,146,389,8,125
2,9,13,790,64,347,180,90,145,356,46,349,279,89,469,670,33,148,600,68,477,578,0,280
9,9,13,404,404,404,688,23,148,180,93,157,144,95,500,224,82,570,115,76,240,257,49,568
16,9,13,490,34,257,790,61,588,334,8,567,390,24,458,479,94,112,268,69,360,356,44,112
23,9,13,289,90,235,155,17,124,480,28,189,660,20,668,577,93,670,348,51,678,256,35,366
30,9,13,670,39,126,257,44,338,189,87,467,389,3,490,128,15,249,346,32,237,669,17,890
7,10,13,145,3,166,344,15,177,699,45,690,688,29,360,457,66,899,167,47,250,404,404,404
14,7,13,249,59,126,580,31,100,404,404,404,146,16,358,289,92,660,146,19,568,368,73,580
21,10,13,277,69,468,268,67,223,258,50,460,367,67,258,226,9,270,250,79,199,340,74,130
28,10,13,390,21,489,790,63,166,459,86,457,469,98,350,404,404,404,404,404,404,404,404,404
11,11,13,169,69,289,148,31,470,170,86,558,680,43,580,290,16,178,390,27,340,116,81,128
18,11,13,278,72,589,235,6,114,339,52,129,168,56,790,259,69,117,457,64,158,350,86,457
24,11,13,269,71,678,125,87,368,347,46,349,300,33,148,489,10,668,349,64,338,400,49,667
2,12,13,129,21,236,559,94,130,279,83,670,356,44,680,259,69,478,278,70,479,580,32,138
9,12,13,479,1,777,140,52,390,580,31,560,788,35,177,129,23,157,448,63,599,389,8,134
16,12,13,135,95,230,368,72,570,569,3,670,136,4,158,235,9,568,229,31,236,134,87,160
23,12,13,228,26,448,146,12,480,267,51,146,566,78,990,147,22,179,336,27,179,889,51,560
30,12,13,250,78,990,337,35,258,136,2,390,369,81,128,237,24,158,235,37,188,780,58,170
6,1,14,457,60,127,447,52,237,660,29,667,369,83,157,477,81,245,257,47,278,135,96,556
13,1,14,158,49,360,404,404,404,370,2,570,380,10,479,690,57,467,489,11,489,136,3,238
20,1,14,160,76,457,134,85,230,569,5,230,900,95,177,237,21,155,780,58,440,404,404,404
27,1,14,244,1,119,268,68,125,566,77,179,357,54,699,478,97,467,117,95,249,189,80,299
3,2,14,339,56,114,178,69,180,148,39,234,660,23,445,588,12,147,236,18,477,149,41,290
10,2,14,168,56,367,589,29,478,128,11,470,466,64,356,478,95,168,148,39,270,347,44,356
17,2,14,149,48,189,134,81,290,467,78,170,489,17,124,446,41,399,550,2,688,167,40,118
24,2,14,499,23,346,340,77,124,679,20,569,469,98,125,199,91,227,279,88,800,678,19,469
3,3,14,780,56,790,368,70,334,456,56,349,678,15,690,459,87,250,348,52,679,348,54,446
10,3,14,279,85,249,223,73,445,146,17,890,145,8,134,170,84,149,457,62,679,139,38,350
17,3,14,404,404,404,289,96,349,230,59,270,478,90,280,238,35,168,688,22,480,404,404,404
24,3,14,404,404,404,356,49,450,118,4,248,116,81,119,278,75,357,577,90,235,467,72,660
31,3,14,247,36,358,330,67,359,240,64,257,156,22,156,400,43,779,338,48,134,189,87,557
7,4,14,236,11,380,223,72,147,167,45,690,889,59,199,680,40,235,478,94,220,169,69,360
14,4,14,136,7,340,278,70,460,378,82,570,570,28,350,259,66,349,160,79,469,138,27,223
21,4,14,235,7,124,450,98,170,149,42,237,378,89,469,880,66,880,346,30,127,158,49,379
28,4,14,147,26,178,799,54,347,370,0,550,450,91,227,689,37,115,678,16,349,138,28,378
5,5,14,345,23,788,128,16,259,446,45,889,360,91,119,359,70,145,468,86,259,136,9,469
12,5,14,337,34,347,560,12,237,990,82,138,246,21,146,178,69,450,290,18,369,669,12,138
19,5,14,369,87,458,289,91,146,770,46,150,356,44,789,235,5,258,458,71,380,367,68,369
26,5,14,679,27,160,119,16,150,290,12,778,168,51,380,346,31,678,330,69,900,399,15,889
2,6,14,577,90,244,140,55,267,468,87,278,460,8,468,130,48,369,347,40,238,138,22,778
9,6,14,160,74,356,779,33,120,180,95,447,123,61,489,600,68,369,404,404,404,239,44,239
16,6,14,380,13,346,167,41,560,289,98,134,358,65,267,890,74,130,380,19,126,457,68,233
23,6,14,690,56,169,136,7,890,240,60,145,667,90,235,356,40,489,689,33,157,490,31,119
30,6,14,468,89,126,467,71,236,335,18,125,170,85,159,234,90,389,568,92,156,190,7,133
7,7,14,167,48,350,356,44,149,269,76,448,279,89,126,225,90,479,277,63,445,289,91,335
14,7,14,128,16,150,139,33,670,779,39,234,379,91,290,156,22,688,290,17,269,488,61,344
21,7,14,890,76,169,269,76,466,245,19,469,125,87,340,560,11,678,470,18,279,234,96,600
28,7,14,235,54,149,404,404,404,560,12,200,680,47,467,557,70,569,489,11,470,145,8,116
4,8,14,790,60,370,447,51,146,468,83,580,345,27,124,189,89,559,288,80,479,404,404,404
11,8,14,257,48,369,113,53,238,257,40,479,160,73,337,404,404,404,138,22,570,147,25,690
18,8,14,248,46,169,360,98,125,880,67,179,140,53,238,138,24,400,113,59,270,399,13,247
25,8,14,559,98,567,490,31,669,677,6,448,778,27,368,299,5,249,404,404,404,404,404,404
1,9,14,360,94,590,340,72,679,269,73,445,350,85,780,490,38,279,670,39,469,225,97,278
8,9,14,348,56,358,168,51,290,239,49,180,170,89,180,238,30,569,449,75,799,235,7,160
15,9,14,234,93,238,269,76,790,344,7,160,227,19,379,128,18,440,560,14,149,559,96,358
22,9,14,123,60,127,790,63,580,690,52,200,279,82,138,270,95,258,336,24,239,145,1,236
29,9,14,268,69,360,367,66,600,557,78,116,277,61,669,404,404,404,159,51,380,299,7,250
6,10,14,404,404,404,680,40,370,270,92,336,350,89,568,144,92,390,147,29,577,470,15,230
13,10,14,160,77,890,240,62,147,558,88,189,267,56,466,125,83,670,668,4,248,247,38,134
27,10,14,404,404,404,220,41,137,237,26,114,259,69,234,126,90,569,670,38,350,679,23,689
3,11,14,780,52,147,130,44,680,550,3,580,138,23,779,256,38,170,345,27,458,790,60,244
10,11,14,467,71,236,669,12,570,789,47,179,440,82,570,788,36,277,580,35,249,566,75,780
17,11,14,230,53,256,457,62,156,345,29,360,249,58,116,247,36,268,349,65,690,158,41,489
24,11,14,278,74,239,467,75,690,366,51,290,260,81,128,780,57,133,390,28,189,224,84,158
1,12,14,139,32,156,148,34,158,569,1,245,380,15,168,226,9,900,800,86,277,130,45,889
8,12,14,257,40,569,139,31,380,390,24,158,358,62,129,258,56,790,670,31,669,179,75,267
15,12,14,336,27,449,247,30,460,358,62,237,158,49,270,790,64,220,170,89,379,126,91,155
22,12,14,278,76,899,668,9,450,349,62,156,788,38,189,569,4,149,389,5,249,790,66,178
29,12,14,360,99,225,230,56,367,228,24,455,344,18,350,670,30,488,260,83,599,370,5,889
5,1,15,130,49,126,478,96,240,270,91,470,600,65,249,780,53,148,470,14,338,459,82,480
12,1,15,356,41,290,124,71,155,404,404,404,249,59,577,558,84,167,249,57,368,199,98,170
19,1,15,789,42,255,146,14,239,688,23,788,289,92,480,139,33,490,244,6,367,478,91,119
26,1,15,404,404,404,224,80,370,367,61,137,227,13,355,488,8,170,667,97,188,158,49,144
2,2,15,367,62,390,449,71,137,478,99,478,246,27,160,146,16,899,688,24,356,466,67,359
9,2,15,358,64,112,158,41,245,559,90,488,167,46,259,589,25,357,278,76,240,245,17,340
16,2,15,235,8,459,599,31,245,167,43,355,689,34,167,269,79,199,689,37,458,378,83,670
23,2,15,227,16,259,258,59,270,570,24,130,444,21,290,800,81,560,269,74,455,188,73,148
2,3,15,489,15,690,157,38,567,780,59,388,778,24,112,404,404,404,270,95,690,168,53,256
9,3,15,117,92,589,378,86,790,236,18,567,470,13,148,404,404,404,404,404,404,404,404,404
16,3,15,404,404,404,247,36,169,258,55,780,112,49,360,677,2,589,345,29,144,367,66,457
23,3,15,348,50,235,344,14,347,360,95,230,146,16,880,589,29,289,446,43,580,399,19,469
30,3,15,256,34,167,368,70,136,488,2,660,359,78,279,570,27,269,556,66,367,460,3,247
6,4,15,247,38,116,370,2,570,579,11,470,556,64,257,279,81,399,278,78,477,246,26,114
13,4,15,368,70,190,779,31,146,369,84,149,147,23,120,469,98,558,135,96,457,150,68,279
20,4,15,690,55,168,158,41,146,247,37,160,577,99,478,145,2,499,168,50,118,990,84,158
27,4,15,888,43,670,469,96,150,126,98,116,367,65,780,557,77,359,158,40,226,336,22,147
4,5,15,145,4,130,469,97,278,159,58,116,880,60,460,330,65,447,560,16,169,336,27,890
11,5,15,350,87,188,368,78,378,227,11,579,229,34,356,137,13,788,257,49,135,667,95,258
18,5,15,379,94,158,457,65,780,470,12,345,346,38,378,235,7,124,257,49,126,400,43,166
25,5,15,470,14,220,360,91,236,558,86,123,150,60,244,199,96,880,359,71,155,379,95,140
1,6,15,127,0,127,268,67,467,289,97,124,560,18,378,189,81,678,467,75,889,355,37,458
8,6,15,345,26,178,140,59,568,244,2,589,189,83,599,268,62,499,560,11,560,122,59,559
15,6,15,134,80,578,289,96,150,127,9,388,0,9,126,678,19,135,220,42,589,780,57,133
22,6,15,458,74,149,349,64,130,300,31,290,157,33,346,237,20,668,125,89,126,449,78,990
29,6,15,239,47,278,389,0,235,667,94,680,223,72,390,116,89,388,168,57,377,158,40,569
6,7,15,129,25,159,557,79,270,256,36,358,359,71,100,899,66,358,457,68,116,128,16,457
13,7,15,490,33,689,458,70,677,118,6,349,469,97,160,144,95,366,404,404,404,404,404,404
20,7,15,237,29,568,780,56,349,448,64,356,129,25,889,399,18,477,280,1,128,468,88,350
27,7,15,568,95,780,330,67,188,568,94,590,236,12,156,668,9,469,220,47,179,459,82,688
3,8,15,278,75,690,348,58,189,778,21,669,170,87,250,170,82,156,334,5,357,770,46,600
10,8,15,689,39,126,145,0,460,780,54,220,339,53,490,147,21,344,404,404,404,404,404,404
17,8,15,560,19,360,780,56,466,679,22,499,390,21,579,290,13,788,150,60,370,278,72,589
24,8,15,170,87,278,479,1,146,134,85,113,110,28,134,279,83,166,404,404,404,404,404,404
31,8,15,144,96,259,227,19,478,189,82,255,358,61,128,159,55,168,229,37,278,490,38,350
7,9,15,280,3,670,270,91,137,113,52,156,349,67,133,256,36,178,369,87,250,558,85,500
14,9,15,590,48,134,466,67,377,178,64,248,179,76,169,404,404,404,570,26,123,368,79,289
21,9,15,455,48,369,259,61,678,290,17,250,256,32,237,237,21,137,459,86,169,277,65,339
28,9,15,577,99,478,147,28,350,890,78,170,358,68,116,460,7,278,178,63,238,247,37,269
5,10,15,679,20,235,489,16,457,799,56,349,235,5,258,356,47,557,388,96,169,358,63,157
12,10,15,457,60,389,157,38,350,459,86,556,679,29,117,299,8,459,235,1,128,249,57,124
19,10,15,340,70,299,367,60,280,248,45,555,404,404,404,355,38,134,160,77,160,440,84,112
26,10,15,670,33,355,390,20,370,377,73,256,168,52,336,569,4,130,128,18,233,899,60,488
2,11,15,247,35,799,799,52,228,467,71,579,479,0,136,124,74,167,599,33,247,289,97,467
16,11,15,550,9,270,579,14,446,368,71,579,126,99,126,257,46,367,479,5,348,346,38,378
23,11,15,125,88,233,348,50,145,259,63,148,156,27,160,478,99,568,345,21,146,470,18,567
30,11,15,588,12,228,367,68,279,169,67,160,467,71,245,200,21,669,246,24,130,779,30,145
7,12,15,180,97,340,124,78,369,370,8,567,135,91,678,289,92,129,469,96,169,360,93,256
14,12,15,350,89,117,359,70,235,670,38,369,570,23,139,199,92,499,134,81,560,259,69,379
21,12,15,250,78,567,245,13,580,189,86,466,346,30,488,127,7,250,147,28,800,348,57,377
28,12,15,189,81,380,146,15,267,449,71,380,180,94,770,156,27,269,788,31,128,589,22,156
4,1,16,348,58,369,357,53,247,378,89,478,116,85,690,568,98,116,448,69,568,113,50,127
11,1,16,780,58,279,390,27,188,147,24,167,404,404,404,278,75,366,668,0,127,233,88,233
18,1,16,370,1,678,234,93,148,245,11,128,600,66,349,340,79,577,144,94,789,230,53,157
25,1,16,136,9,450,404,404,404,356,41,335,269,77,133,234,94,590,348,58,477,568,99,469
1,2,16,688,25,258,570,23,300,790,63,580,444,20,370,157,32,589,145,2,480,224,86,367
8,2,16,579,13,779,147,21,100,570,28,378,149,47,566,160,70,127,589,19,559,230,58,260
15,2,16,178,62,156,569,4,455,169,62,246,123,65,690,466,66,268,568,99,225,188,70,136
22,2,16,450,92,589,460,8,350,457,61,399,600,66,367,335,14,248,577,95,339,350,88,189
29,2,16,245,12,237,170,81,399,230,57,467,124,79,135,670,32,147,147,28,800,459,86,330
7,3,16,257,43,670,600,66,457,134,89,577,669,16,457,690,55,159,489,14,356,335,19,234
14,3,16,699,40,226,116,86,899,147,21,128,234,91,560,128,13,157,350,82,156,170,86,367
21,3,16,136,6,790,238,38,279,289,93,256,404,404,404,136,2,200,567,82,589,470,61,358
28,3,16,229,35,500,148,39,270,178,67,223,168,54,257,190,3,670,590,45,168,379,93,229
4,4,16,120,30,479,389,4,130,448,63,490,589,26,556,799,55,258,125,87,250,558,85,690
11,4,16,244,8,125,238,31,227,460,1,245,770,45,249,566,74,680,357,53,490,578,2,499
18,4,16,459,80,136,400,45,177,120,32,589,136,3,689,670,37,368,478,91,146,349,60,280
25,4,16,449,79,469,127,6,367,255,28,468,113,54,338,246,24,257,277,63,300,349,66,169
2,5,16,580,37,890,236,13,580,349,67,368,233,88,468,678,19,360,556,66,367,389,4,400
9,5,16,148,36,367,338,41,146,160,76,178,478,95,500,366,53,490,778,22,390,150,66,457
16,5,16,690,50,668,679,28,990,344,17,133,778,27,368,359,74,239,238,32,200,334,4,680
23,5,16,137,19,270,569,5,348,247,35,357,340,77,269,148,33,490,456,58,369,468,81,380
30,5,16,169,62,570,456,57,557,178,64,266,167,45,113,567,87,250,479,0,127,699,48,189
6,6,16,399,14,130,457,61,290,170,88,459,479,9,180,247,30,578,490,36,358,135,93,445
13,6,16,360,90,578,679,23,670,580,30,235,367,67,160,480,26,114,290,12,156,590,49,289
20,6,16,125,81,236,125,82,390,667,94,220,126,98,800,677,9,667,349,64,347,188,70,226
27,6,16,123,66,123,229,37,467,155,18,369,236,16,880,569,0,460,455,49,289,156,24,239
4,7,16,450,99,568,457,65,168,459,89,270,404,404,404,478,99,360,570,21,128,489,16,367
11,7,16,278,72,156,366,59,450,277,68,134,356,42,570,450,93,166,670,31,236,679,25,780
18,7,16,118,2,679,170,86,114,359,74,680,236,13,689,300,31,335,128,17,160,390,26,169
25,7,16,124,73,157,770,46,330,159,51,245,348,58,125,125,89,568,447,55,348,690,57,368
1,8,16,390,26,268,288,87,557,118,2,570,499,24,446,245,19,234,289,94,239,569,4,257
8,8,16,258,50,479,367,61,579,240,67,269,379,92,688,344,19,450,257,45,456,390,28,224
15,8,16,404,404,404,136,8,990,577,94,167,404,404,404,258,59,126,280,8,378,488,4,699
22,8,16,355,30,127,127,6,790,235,3,256,169,64,400,579,10,136,344,17,179,368,72,129
29,8,16,570,20,569,990,85,447,450,93,238,568,97,278,123,61,119,358,68,134,669,17,566
5,9,16,578,8,378,404,404,404,169,69,379,479,6,330,230,51,380,148,33,247,170,82,480
12,9,16,560,18,567,147,25,690,677,0,370,179,74,248,278,73,229,580,37,467,159,56,358
19,9,16,345,22,570,680,45,447,346,34,680,389,8,288,160,71,399,668,6,790,466,67,269
26,9,16,236,13,148,145,0,578,260,84,680,239,40,145,148,39,180,190,5,456,236,18,468
3,10,16,559,94,239,780,54,455,677,5,780,223,77,160,359,72,200,158,43,139,290,14,680
10,10,16,137,14,789,790,61,128,147,29,289,480,20,479,479,8,125,256,38,233,677,2,688
17,10,16,488,4,789,238,34,220,778,21,227,558,82,237,169,66,240,369,81,128,249,55,177
24,10,16,350,87,359,220,48,189,239,46,457,459,84,167,404,404,404,404,404,404,404,404,404
7,11,16,450,98,125,489,19,289,789,40,578,449,76,178,404,404,404,404,404,404,404,404,404
21,11,16,346,31,579,190,5,690,140,56,178,700,74,158,356,48,459,579,11,290,469,96,457
28,11,16,480,29,289,239,42,778,169,60,578,700,74,248,890,79,469,260,89,469,230,57,377
5,12,16,169,65,230,166,31,489,890,76,123,670,38,125,370,8,477,339,55,555,235,6,150
12,12,16,388,93,256,790,68,567,448,66,448,249,57,467,113,59,379,345,25,230,358,60,145
19,12,16,690,52,660,369,82,156,359,78,260,369,88,134,220,47,557,137,14,347,239,47,269
26,12,16,134,84,680,355,31,399,600,60,145,456,51,380,145,5,122,469,92,237,404,404,404
2,1,17,479,5,168,137,14,680,349,68,440,244,9,568,556,66,150,568,97,890,257,45,690
9,1,17,246,21,560,489,12,228,777,18,260,377,73,445,280,1,699,404,404,404,404,404,404
16,1,17,568,99,135,259,60,389,578,8,279,170,81,560,158,44,257,880,65,348,146,19,135
23,1,17,119,16,457,330,66,169,559,97,269,404,404,404,169,62,688,660,29,234,180,97,115
30,1,17,380,16,259,800,85,267,340,79,577,350,87,115,239,48,134,178,66,123,779,39,270
6,2,17,150,64,789,256,35,177,489,17,223,567,87,278,346,39,180,578,3,139,278,75,357
13,2,17,890,75,690,168,58,350,449,75,122,126,99,469,260,85,230,278,71,227,356,42,390
20,2,17,158,41,227,577,91,335,139,35,159,268,62,390,578,1,245,128,19,388,128,18,459
27,2,17,357,56,123,224,80,578,179,71,489,690,54,400,148,39,135,279,87,340,257,44,257
6,3,17,379,92,589,667,99,234,137,11,128,490,37,269,167,47,269,280,2,237,277,64,770
13,3,17,404,404,404,558,83,490,346,37,566,469,96,277,239,44,167,340,70,280,148,33,157
20,3,17,355,38,189,360,97,188,467,79,388,480,25,159,469,94,167,234,99,360,356,41,470
27,3,17,260,84,112,239,46,358,368,71,146,236,13,247,257,40,569,569,2,390,699,40,235
3,4,17,168,53,238,339,55,249,455,45,799,157,39,135,134,88,134,179,72,660,235,3,580
10,4,17,590,45,780,477,87,124,160,71,669,160,70,550,128,12,147,289,96,790,129,23,337
17,4,17,347,45,168,227,18,288,356,47,340,248,45,258,167,42,390,158,43,148,249,51,119
24,4,17,390,20,127,167,43,256,125,88,369,334,0,479,678,17,467,139,31,335,344,14,338
1,5,17,239,43,148,145,6,240,147,20,145,290,18,350,467,70,677,450,95,780,266,43,346
8,5,17,339,57,133,360,95,258,138,27,890,250,72,589,456,54,770,136,5,249,350,89,234
15,5,17,390,28,378,360,97,340,234,95,258,340,79,270,115,70,488,178,62,345,257,44,130
22,5,17,589,27,359,229,36,880,456,51,489,470,11,470,133,73,346,569,3,157,366,52,679
29,5,17,800,88,468,567,81,588,230,58,378,148,33,238,100,19,478,990,82,480,489,18,116
5,6,17,367,67,340,123,62,156,679,27,458,134,85,690,499,21,128,119,11,137,570,20,479
12,6,17,670,36,240,129,96,880,248,43,229,129,21,245,900,93,788,180,94,455,470,19,225
19,6,17,689,31,489,170,87,566,159,58,170,168,59,126,259,64,770,269,79,180,178,62,345
26,6,17,404,404,404,136,7,115,278,74,167,157,39,289,470,12,200,145,6,457,166,31,137
3,7,17,269,73,300,138,28,378,680,48,468,348,54,699,122,54,257,149,43,139,579,10,389
10,7,17,224,80,299,389,3,670,377,70,136,178,61,489,590,48,468,679,29,144,168,56,150
17,7,17,357,52,156,180,94,770,699,42,570,460,5,357,169,63,139,249,50,677,699,40,389
24,7,17,237,24,338,378,85,799,148,33,166,290,17,250,447,55,168,388,90,280,780,53,256
31,7,17,249,58,279,455,44,699,330,61,155,189,86,330,599,33,580,230,54,248,167,47,160
7,8,17,404,404,404,668,6,367,248,49,180,689,33,490,350,81,290,256,31,380,289,90,578
14,8,17,150,64,248,404,404,404,880,67,566,347,46,600,399,19,577,158,48,279,270,97,368
21,8,17,277,69,234,278,71,236,125,84,400,159,57,250,119,12,679,404,404,404,368,74,347
28,8,17,345,23,670,236,10,479,147,25,159,469,97,368,339,51,489,389,8,350,159,59,360
4,9,17,189,80,569,120,35,690,799,52,480,236,17,278,270,95,780,380,11,380,157,33,256
11,9,17,290,14,770,167,49,469,589,22,480,889,54,257,178,65,456,570,24,257,489,10,370
18,9,17,578,5,339,333,92,129,130,49,270,578,8,378,349,66,114,336,24,455,780,59,234
25,9,17,457,69,234,240,68,134,569,0,389,348,52,688,235,3,256,449,71,380,890,74,130
2,10,17,249,55,249,147,27,890,358,63,599,467,72,245,389,7,377,238,38,134,229,35,447
9,10,17,348,50,136,677,9,388,459,82,156,335,16,556,113,51,146,356,46,349,477,89,180
23,10,17,404,404,404,404,404,404,340,76,150,124,74,356,170,88,134,345,29,568,389,4,400
30,10,17,579,12,147,467,78,170,269,79,360,469,90,145,235,2,147,478,96,169,778,27,133
6,11,17,147,21,344,468,89,568,247,38,558,356,48,369,678,13,689,158,49,450,367,69,360
13,11,17,455,43,490,490,36,169,590,40,370,129,28,369,160,76,349,236,15,348,279,80,127
20,11,17,290,19,900,668,2,480,149,42,589,590,40,235,112,41,155,690,53,599,233,84,680
27,11,17,169,64,149,179,78,800,579,13,256,489,15,258,233,89,180,247,37,700,138,28,125
4,12,17,160,79,379,560,14,112,112,41,399,669,13,256,348,51,245,589,20,235,113,56,268
11,12,17,248,44,347,900,91,579,238,37,115,119,18,558,235,0,136,178,68,279,404,404,404
18,12,17,269,70,578,670,35,690,380,19,180,477,84,130,269,70,127,790,67,467,145,7,160
25,12,17,127,9,478,167,43,599,557,76,169,399,15,447,236,18,170,120,36,114,237,23,157
1,1,18,460,7,160,179,79,135,160,70,578,990,83,580,237,27,359,689,32,237,134,81,579
8,1,18,349,64,239,359,76,457,257,49,900,660,20,0,440,82,255,129,21,128,404,404,404
15,1,18,390,27,250,166,38,279,238,31,128,168,59,234,479,5,168,139,37,124,680,42,138
22,1,18,245,12,688,190,4,149,167,49,135,156,28,189,404,404,404,347,41,380,224,80,280
29,1,18,399,15,230,290,18,189,450,92,480,337,34,789,789,47,223,467,70,569,566,72,688
5,2,18,389,4,130,257,43,355,257,43,256,367,63,490,238,37,278,127,2,589,148,30,127
12,2,18,889,59,900,150,64,338,224,88,170,557,76,790,227,19,135,589,26,240,239,41,137
19,2,18,467,79,667,490,37,467,260,80,136,112,47,449,890,72,237,389,0,190,446,43,490
26,2,18,258,57,250,457,65,690,568,94,590,338,41,290,404,404,404,113,55,889,359,78,279
5,3,18,270,94,158,223,76,790,145,7,188,160,79,234,300,31,669,134,85,230,668,1,399
12,3,18,369,82,679,366,56,169,359,71,146,249,55,357,380,11,146,569,6,600,378,88,567
19,3,18,378,88,170,457,63,120,259,65,140,180,96,457,668,6,358,689,39,559,228,21,335
26,3,18,136,6,114,190,3,490,357,57,368,455,44,239,458,75,799,690,52,129,368,70,370
2,4,18,119,11,227,240,68,477,280,5,168,330,69,577,780,54,680,788,36,259,445,38,134
9,4,18,246,23,337,700,75,258,390,27,458,567,80,235,378,86,178,258,55,230,256,38,459
16,4,18,590,42,237,489,17,160,290,15,230,277,66,556,789,41,128,349,65,159,160,78,468
23,4,18,160,73,689,447,59,469,289,97,188,134,84,590,120,33,157,236,16,448,579,11,380
30,4,18,560,18,170,257,45,168,670,38,459,447,79,559,359,73,157,179,79,270,289,90,460
7,5,18,279,89,469,667,92,499,358,68,567,789,42,138,788,47,179,690,53,580,347,47,890
14,5,18,580,35,690,233,86,349,117,91,245,500,51,236,168,55,348,489,18,279,245,15,122
21,5,18,899,64,167,130,49,388,250,73,355,556,61,489,259,64,248,478,93,788,456,59,388
28,5,18,680,49,478,469,90,488,120,39,568,159,58,134,178,66,268,146,17,458,479,1,470
4,6,18,345,21,227,600,62,255,124,77,467,480,23,247,570,24,167,570,20,578,137,13,490
11,6,18,128,18,800,569,7,223,770,45,456,499,20,370,458,76,178,404,404,404,404,404,404
18,6,18,135,90,370,790,63,355,480,21,128,588,16,150,249,55,230,680,48,800,149,48,350
25,6,18,258,52,660,448,67,377,380,16,790,230,59,478,260,81,489,289,93,238,356,41,100
2,7,18,450,98,567,119,10,460,577,99,126,159,55,230,127,1,335,190,1,137,380,13,580
9,7,18,267,55,690,237,26,790,369,89,126,357,52,570,178,65,168,679,20,127,490,38,468
16,7,18,245,13,247,148,36,123,344,13,670,230,51,588,228,29,129,137,19,559,177,57,269
23,7,18,124,76,268,348,54,130,470,14,680,249,57,179,136,7,269,367,65,366,180,97,340
30,7,18,457,68,189,245,15,456,389,6,114,358,69,126,246,28,279,136,3,346,239,47,269
6,8,18,345,27,340,890,78,134,246,21,470,890,78,440,279,85,690,159,57,133,249,53,166
13,8,18,189,84,356,670,30,145,404,404,404,679,21,119,589,21,137,680,46,178,356,40,280
20,8,18,124,78,170,450,96,268,580,33,346,344,15,690,245,11,560,150,63,779,404,404,404
27,8,18,289,91,470,189,82,499,129,23,157,359,77,278,370,1,678,248,48,468,134,86,277
3,9,18,369,83,157,124,77,467,557,72,499,269,75,159,378,83,779,446,49,568,156,28,116
10,9,18,779,38,134,256,31,128,236,15,889,404,404,404,268,61,380,800,81,137,990,82,200
17,9,18,240,64,149,348,57,250,590,43,247,448,64,680,129,25,366,788,31,380,404,404,404
24,9,18,380,17,557,189,89,379,399,14,356,266,43,148,249,53,139,679,25,690,359,73,779
1,10,18,680,42,390,335,13,580,299,8,224,334,8,459,460,7,133,266,41,560,126,97,223
8,10,18,236,15,456,269,78,558,479,9,469,112,40,235,150,66,457,260,83,247,157,32,570
15,10,18,350,84,158,256,32,390,368,76,899,479,8,468,158,41,380,234,93,337,448,61,380
22,10,18,370,6,448,368,75,889,559,94,400,399,19,360,379,92,345,350,83,148,499,21,128
29,10,18,240,67,449,466,60,136,336,28,134,570,22,246,190,0,280,479,1,137,404,404,404
12,11,18,245,17,377,790,61,236,370,9,568,349,61,678,160,70,118,460,4,680,469,98,440
19,11,18,116,88,369,558,89,270,356,43,346,670,34,248,566,72,778,670,37,359,236,10,578
26,11,18,460,2,228,578,4,149,190,6,457,570,27,890,579,14,248,457,60,280,456,51,227
3,12,18,457,68,170,358,63,300,490,37,160,490,35,456,117,95,456,268,65,447,477,88,260
10,12,18,122,57,700,169,69,270,159,55,456,489,11,236,568,93,337,156,20,479,247,34,158
17,12,18,678,11,155,180,99,559,226,1,128,690,58,279,446,45,168,359,74,158,270,94,400
24,12,18,378,80,299,150,69,270,128,17,557,290,10,370,139,35,780,377,74,590,660,21,128
31,12,18,347,40,460,177,56,466,347,43,490,246,20,136,699,42,228,450,98,459,270,98,378
7,1,19,160,74,699,240,67,359,478,99,225,336,28,116,300,39,568,289,92,255,367,66,169
14,1,19,404,404,404,450,94,130,146,16,240,168,57,269,237,28,567,457,63,689,230,56,899
21,1,19,560,15,168,577,98,567,290,15,258,344,13,779,288,81,100,404,404,404,404,404,404
28,1,19,347,46,367,789,43,229,267,51,470,167,40,190,345,22,345,578,4,257,118,3,689
4,2,19,689,35,258,890,73,355,358,62,129,579,16,466,156,22,246,279,86,268,177,55,230
11,2,19,180,91,678,290,16,259,159,56,277,259,62,444,234,97,890,780,55,348,349,64,789
18,2,19,570,29,180,568,97,133,178,68,116,190,1,579,155,19,225,178,60,389,568,93,148
25,2,19,699,41,489,230,51,669,158,42,336,558,84,455,580,34,149,230,58,224,899,67,133
4,3,19,590,40,578,336,23,599,168,58,378,470,12,246,146,12,688,170,85,500,146,13,139
11,3,19,238,30,460,389,2,679,589,27,368,499,26,367,260,83,337,470,16,899,158,45,140
18,3,19,240,61,380,290,12,237,249,56,349,404,404,404,400,44,347,360,96,600,180,97,359
25,3,19,259,66,268,680,44,158,348,50,569,237,21,678,180,91,678,459,83,779,568,92,499
1,4,19,460,8,288,235,5,267,477,85,177,335,17,700,348,59,289,137,12,156,569,4,167
8,4,19,278,74,789,558,87,368,260,85,456,289,93,247,380,15,456,339,53,599,570,23,599
15,4,19,334,8,260,190,6,169,268,60,479,126,99,559,177,52,570,556,60,235,279,88,440
22,4,19,679,28,170,240,69,117,245,12,570,770,42,499,147,23,148,127,6,123,178,61,236
29,4,19,456,50,136,147,20,569,446,44,158,446,49,180,126,91,678,179,79,289,567,82,246
6,5,19,179,72,237,180,93,788,127,9,270,679,24,248,700,75,230,269,77,269,258,51,335
13,5,19,168,55,159,556,68,990,345,20,299,290,17,890,400,45,113,155,19,270,667,98,800
20,5,19,447,51,137,137,15,113,770,46,150,679,28,125,189,88,233,450,94,789,240,68,189
27,5,19,299,9,450,579,17,449,348,50,578,233,85,168,290,10,569,120,34,680,348,56,114
3,6,19,800,88,558,220,41,380,360,95,357,579,10,127,355,38,224,138,27,467,360,94,239
10,6,19,367,60,460,149,49,126,188,70,569,778,24,400,236,10,569,570,23,788,480,26,367
17,6,19,125,88,125,226,5,258,688,21,290,779,30,460,249,53,148,140,54,266,280,8,369
24,6,19,137,16,448,570,25,168,457,64,789,890,76,268,335,16,556,388,96,330,250,79,900
1,7,19,356,42,237,247,37,278,340,79,289,457,66,330,188,74,239,449,73,229,346,31,399
8,7,19,789,44,347,390,26,358,380,17,890,233,82,589,340,72,390,359,75,348,566,78,279
15,7,19,130,40,578,346,33,779,344,19,225,259,65,159,147,25,230,357,58,459,700,71,669
22,7,19,235,7,223,404,404,404,166,38,224,256,32,589,669,19,289,447,50,136,136,4,239
29,7,19,259,62,138,490,38,189,259,60,235,280,6,169,279,83,346,567,88,279,289,91,470
5,8,19,346,39,360,124,75,122,127,4,789,467,71,380,127,8,224,148,37,566,350,89,270
12,8,19,138,20,479,779,39,117,168,58,800,404,404,404,148,35,168,157,32,679,235,9,469
19,8,19,358,63,148,560,11,560,148,32,147,455,40,235,570,29,199,480,27,250,478,96,899
26,8,19,457,61,560,560,16,123,125,85,456,677,1,669,228,23,247,288,80,677,690,50,578
2,9,19,238,32,778,404,404,404,488,3,120,168,50,677,470,18,233,577,93,238,114,61,489
9,9,19,138,22,679,678,19,135,170,86,240,660,23,670,346,34,248,136,6,277,699,46,349
16,9,19,566,73,580,139,36,899,290,12,499,579,12,589,349,67,115,568,99,180,800,87,115
23,9,19,160,77,368,169,66,259,169,68,567,478,94,590,490,30,145,356,44,112,150,66,556
30,9,19,489,14,338,400,43,238,238,38,468,578,7,160,266,45,889,667,99,270,270,93,139
7,10,19,467,77,359,469,97,368,480,29,577,234,97,368,880,62,255,146,10,280,334,6,349
14,10,19,120,37,340,469,95,230,890,73,157,779,36,880,557,74,239,277,68,459,388,97,890
21,10,19,239,46,268,239,45,267,699,45,456,567,81,236,404,404,404,404,404,404,404,404,404
4,11,19,570,21,128,199,99,135,133,77,467,578,4,347,299,7,269,480,27,124,189,82,499
11,11,19,588,17,458,358,62,570,266,48,189,236,10,127,290,15,249,689,30,235,570,24,347
18,11,19,127,8,468,790,66,178,669,13,247,580,34,239,127,7,368,556,68,369,159,58,558
25,11,19,677,4,130,157,33,139,460,1,236,569,7,700,170,80,569,560,18,990,278,78,260
2,12,19,138,27,115,480,24,770,137,16,259,238,33,148,448,69,478,235,9,379,458,76,880
9,12,19,360,97,467,338,44,266,266,40,118,279,83,490,455,42,228,580,31,335,166,32,570
16,12,19,137,15,258,349,69,135,280,1,380,347,44,149,234,95,690,380,16,114,589,27,179
23,12,19,790,61,137,146,15,159,124,76,150,680,44,239,490,39,559,339,53,148,800,89,117
30,12,19,344,19,568,345,27,700,249,56,790,358,60,578,689,32,156,345,23,256,468,85,267
6,1,20,589,21,380,450,93,148,378,86,899,267,57,133,700,70,370,338,41,399,780,59,117
13,1,20,126,95,799,180,90,578,120,39,388,489,15,249,569,5,230,346,36,123,150,67,890
20,1,20,347,47,278,578,8,567,115,73,779,367,67,278,234,91,137,556,63,166,404,404,404
27,1,20,270,94,149,134,88,567,490,31,560,188,77,278,367,68,134,268,62,246,227,19,469
3,2,20,468,83,779,660,22,246,370,3,120,126,97,340,149,49,135,580,35,249,668,3,580
10,2,20,370,9,568,130,47,160,159,54,699,345,25,230,679,25,113,237,21,128,677,5,159
17,2,20,170,87,359,579,16,466,667,91,146,360,93,157,130,44,239,290,18,567,289,99,450
24,2,20,290,12,660,477,82,570,266,44,130,890,70,668,590,48,369,255,25,168,160,78,279
2,3,20,467,76,178,126,98,378,119,19,568,267,59,568,235,9,568,356,45,456,440,80,334
9,3,20,128,11,560,404,404,404,470,19,117,566,78,558,269,75,447,455,43,346,144,91,489
16,3,20,147,21,245,123,66,123,468,81,380,227,18,224,279,82,345,889,57,269,404,404,404
18,5,20,404,404,404,156,20,677,580,36,358,446,47,890,780,50,550,469,90,145,404,404,404
25,5,20,278,73,166,135,99,117,125,86,457,579,11,100,344,13,670,145,5,267,130,48,233
1,6,20,270,94,239,550,8,459,140,57,449,447,54,266,690,56,349,238,32,255,450,92,390
8,6,20,239,40,479,118,6,880,499,25,177,178,69,270,133,72,390,260,88,477,148,38,350
15,6,20,257,44,167,478,90,226,899,67,359,244,3,166,368,79,478,469,93,490,449,70,334
22,6,20,288,86,358,170,83,346,378,84,338,460,4,356,668,8,260,124,76,169,255,28,468
29,6,20,124,77,566,148,39,270,468,83,247,334,8,233,246,25,889,136,5,230,135,96,349
6,7,20,167,40,479,148,37,179,177,59,469,250,72,589,112,46,114,477,89,900,448,68,170
13,7,20,690,56,358,247,32,255,178,60,127,348,56,358,366,51,470,127,5,348,390,24,257
20,7,20,589,20,235,356,43,580,449,73,689,279,87,124,189,83,300,366,56,169,367,61,146
27,7,20,880,68,134,235,9,559,557,71,146,480,28,224,147,28,378,140,51,100,117,96,123
3,8,20,688,29,577,129,29,469,469,97,133,467,79,388,337,32,499,599,30,460,336,26,114
10,8,20,279,80,226,159,54,347,348,53,788,349,61,236,689,31,128,404,404,404,404,404,404
17,8,20,339,56,268,378,89,469,179,77,179,449,70,226,150,61,236,356,48,116,404,404,404
24,8,20,145,6,358,189,86,349,360,92,480,145,0,235,229,35,456,223,78,567,113,52,200
31,8,20,480,25,249,556,64,699,360,97,566,370,0,280,146,17,700,400,48,477,356,49,360
7,9,20,677,1,335,680,44,220,129,26,169,170,82,778,135,91,227,116,86,600,199,93,346
14,9,20,340,70,578,550,2,345,128,10,334,349,69,117,567,81,245,478,96,880,113,56,349
21,9,20,488,2,336,788,33,148,347,49,117,488,7,250,568,94,257,578,7,179,130,40,299
28,9,20,460,8,288,459,86,150,356,41,119,490,39,225,146,14,590,136,6,600,256,33,689
5,10,20,138,26,448,336,20,145,378,88,378,146,16,169,445,36,330,688,20,479,778,27,115
12,10,20,350,81,399,556,66,277,779,35,357,190,9,469,459,84,266,179,77,188,689,36,150
19,10,20,260,88,350,124,71,245,489,15,780,489,16,150,347,40,127,779,32,147,379,95,159
26,10,20,257,41,290,780,51,399,115,73,337,558,89,144,478,96,240,237,28,800,236,17,133
2,11,20,278,73,355,356,40,578,236,19,289,566,74,699,345,22,499,578,1,137,144,91,137
16,11,20,404,404,404,404,404,404,404,404,404,589,27,368,149,45,168,334,5,339,256,30,334
23,11,20,368,74,590,400,45,348,689,32,390,355,36,600,480,27,890,256,37,359,160,78,378
30,11,20,269,72,156,168,57,340,146,19,234,134,85,249,249,52,336,460,4,239,259,60,127
7,12,20,389,4,257,238,33,670,245,14,338,700,71,579,128,15,249,246,28,134,499,24,680
14,12,20,569,1,489,188,77,250,357,59,289,680,43,166,157,34,130,445,30,244,346,34,590
21,12,20,567,84,130,246,24,257,889,51,128,248,47,340,145,9,199,249,53,148,677,9,126
28,12,20,146,19,450,125,83,300,477,86,259,189,86,240,680,41,380,236,14,167,479,5,168
4,1,21,189,86,277,790,60,280,489,17,269,346,31,579,140,51,155,780,57,223,400,48,170
11,1,21,246,23,670,350,85,230,189,85,230,679,22,390,150,67,359,133,78,116,239,41,560
18,1,21,348,58,800,118,4,257,470,18,378,778,29,289,118,5,889,567,85,780,780,55,258
25,1,21,188,76,466,404,404,404,490,34,149,169,65,168,445,32,228,670,37,160,679,21,335
1,2,21,159,55,258,469,95,799,789,47,359,367,66,457,358,62,589,338,40,190,160,79,199
8,2,21,388,97,557,660,21,489,169,66,114,690,54,248,500,52,570,449,77,179,124,75,447
15,2,21,358,65,366,228,25,780,124,70,389,567,84,167,157,37,340,259,60,389,114,60,569
22,2,21,778,28,279,369,86,880,190,2,228,350,88,378,889,59,225,390,21,335,139,38,800
1,3,21,468,89,126,127,8,116,356,44,356,478,94,347,680,40,389,347,48,260,139,33,139
8,3,21,225,95,690,236,13,139,258,56,600,590,48,134,358,61,678,346,34,356,588,17,278
15,3,21,257,44,347,489,13,445,466,61,489,188,78,170,790,60,479,338,42,688,479,1,137
22,3,22,160,78,990,447,53,238,177,54,257,700,77,458,334,9,450,346,36,899,404,404,404
29,3,21,404,404,404,156,21,380,144,92,156,456,55,348,239,49,478,478,95,168,144,97,368
5,4,21,588,19,126,990,82,246,566,74,266,230,51,470,389,7,133,129,27,340,570,27,467
12,4,21,360,95,456,890,77,368,588,13,300,789,42,589,129,26,178,468,60,280,445,36,259
19,4,21,158,46,880,266,49,577,445,38,260,227,12,480,156,20,389,580,37,223,478,92,156
26,4,21,123,65,456,455,40,118,479,5,780,140,53,166,170,81,137,127,2,336,124,75,348
3,5,21,248,47,250,599,34,789,259,67,340,448,60,299,129,26,466,480,22,129,468,83,689
10,5,22,579,14,590,350,82,570,788,30,334,890,78,369,138,25,366,233,89,900,246,21,155
17,5,21,458,79,135,399,14,257,157,38,260,277,67,458,688,21,588,457,65,230,590,41,236
24,5,21,789,43,148,146,14,338,149,46,330,239,41,236,800,80,136,379,94,130,124,79,450
31,5,21,128,19,225,780,51,245,158,45,140,480,25,159,129,22,246,278,76,150,130,45,267
7,6,21,379,99,450,369,86,367,470,13,120,379,99,478,130,47,250,158,40,280,125,81,146
14,6,21,236,11,236,125,81,380,679,22,345,477,84,167,167,48,125,469,94,220,357,55,258
21,6,21,334,6,466,688,23,445,470,10,677,358,61,560,488,9,559,367,64,446,358,61,128
28,6,21,258,55,177,450,99,360,557,72,390,120,39,180,580,36,358,156,25,267,390,25,159
5,7,21,280,7,115,122,56,367,278,76,259,389,1,560,445,39,135,689,32,660,234,90,235
12,7,21,470,16,150,180,92,660,116,89,360,167,44,149,179,71,678,368,71,128,690,57,377
19,7,21,490,37,340,145,5,249,344,18,369,125,81,128,379,97,890,229,36,358,113,54,220
26,7,21,188,75,357,690,52,129,599,33,580,359,70,370,349,64,448,668,0,244,470,18,990
2,8,21,688,20,145,146,14,112,125,82,570,790,62,589,990,82,255,349,68,170,260,80,136
9,8,21,389,7,458,236,18,350,449,78,260,134,86,880,568,92,147,129,24,347,404,404,404
16,8,21,567,81,290,258,56,259,567,89,225,900,94,680,347,48,369,137,10,569,404,404,404
23,8,21,245,17,340,168,55,456,178,62,228,579,17,340,147,29,900,688,23,157,378,80,136
30,8,21,469,99,577,114,66,448,459,82,679,255,27,566,128,12,688,680,47,449,148,31,236
6,9,21,670,32,679,480,21,344,340,74,347,340,78,260,159,53,355,404,404,404,404,404,404
13,9,21,447,51,290,370,4,257,890,72,480,260,89,568,289,96,123,356,40,389,404,404,404
20,9,21,126,94,239,356,43,670,280,0,145,150,61,489,249,55,159,250,75,258,136,1,489
27,9,21,239,48,134,468,86,457,347,40,136,355,34,455,249,58,134,139,39,568,138,23,490
4,10,21,880,60,389,123,63,238,180,96,367,120,35,113,345,26,790,136,0,677,289,92,345
11,10,21,457,63,355,679,29,568,126,95,159,139,38,378,899,68,440,560,12,336,450,94,248
18,10,21,278,77,278,570,23,580,340,71,560,469,99,568,168,57,124,478,98,134,368,70,460
25,10,21,899,62,499,790,60,334,113,59,135,266,41,290,790,65,357,279,83,670,404,404,404
8,11,21,404,404,404,347,43,580,127,7,188,226,9,270,268,62,255,270,91,399,268,62,390
15,11,21,290,12,156,240,61,146,670,33,139,460,0,460,478,98,125,780,57,377,135,93,238
22,11,21,670,35,799,114,62,390,677,3,355,139,31,137,389,3,580,257,41,236,357,54,130
29,11,21,388,98,116,560,19,559,370,1,290,344,16,150,336,26,448,590,49,667,789,41,579
6,12,21,239,42,147,990,88,567,280,6,123,356,48,260,890,73,670,277,66,466,367,64,257
13,12,21,125,89,135,123,65,500,127,0,370,370,4,356,250,75,159,790,67,124,259,61,489
20,12,21,689,38,288,468,83,157,356,41,290,279,87,188,379,96,259,129,27,890,156,25,799
27,12,21,169,61,489,110,26,277,238,30,299,499,23,670,119,16,880,188,72,129,239,44,257
3,1,22,150,60,334,150,65,249,478,97,467,578,0,389,456,59,234,567,87,368,459,82,255
10,1,22,235,8,468,146,19,270,467,70,145,238,34,590,335,11,335,227,19,667,248,40,226
17,1,22,468,85,230,238,31,119,137,18,350,404,404,404,790,60,235,239,44,112,369,89,225
24,1,22,455,42,129,115,79,577,404,404,404,580,36,259,257,45,168,226,1,100,234,93,256
31,1,22,247,30,127,566,78,279,279,84,239,468,87,700,340,76,240,404,404,404,404,404,404
7,2,22,358,65,780,158,48,369,333,91,380,699,40,299,245,17,124,388,92,589,404,404,404
14,2,22,124,73,166,480,28,567,230,54,257,670,31,669,166,38,567,238,39,225,404,404,404
21,2,22,269,70,569,124,72,660,134,80,136,168,56,150,578,5,690,456,50,235,404,404,404
28,2,22,590,47,340,135,94,356,134,86,899,139,30,550,579,19,234,247,31,128,404,404,404
7,3,22,149,49,270,240,67,188,245,17,250,479,91,470,245,13,788,466,64,149,404,404,404
14,3,22,789,41,699,257,41,245,560,15,889,389,8,279,404,404,404,130,45,159,404,404,404
21,3,22,270,91,245,140,54,167,179,79,270,234,98,170,150,62,345,357,59,126,404,404,404
28,3,22,224,88,279,467,72,200,669,17,133,445,31,290,599,36,114,167,46,240,404,404,404
4,4,22,277,65,348,670,30,244,590,44,789,347,45,780,668,8,288,127,4,400,404,404,404
11,4,22,249,57,467,569,9,289,188,74,789,269,70,578,123,65,357,470,16,268,404,404,404
18,4,22,457,65,140,478,97,115,127,5,159,260,82,778,669,11,137,257,43,148,404,404,404
25,4,22,113,55,690,567,81,380,345,29,225,470,16,349,125,87,467,400,41,380,404,404,404
2,5,22,460,8,260,578,9,478,557,77,179,330,60,370,138,21,489,128,19,126,404,404,404
9,5,22,579,11,560,239,45,780,404,404,404,113,50,145,180,98,170,478,95,500,404,404,404
16,5,22,249,55,348,269,74,347,280,8,558,349,64,149,377,79,388,460,7,278,404,404,404
23,5,22,459,81,380,100,16,150,790,60,145,446,46,123,557,72,147,339,57,115,404,404,404
30,5,22,136,5,159,347,46,349,270,91,146,457,66,123,240,68,558,688,21,290,404,404,404
6,6,22,345,28,125,244,0,145,225,94,400,800,88,170,266,42,589,600,64,130,404,404,404
13,6,22,690,57,160,288,85,249,260,80,370,668,8,567,128,19,135,167,47,278,404,404,404
20,6,22,458,72,688,133,72,480,790,63,779,568,98,279,290,15,500,233,84,347,404,404,404
27,6,22,170,86,259,459,88,260,466,60,578,578,9,900,778,25,339,340,70,677,404,404,404
4,7,22,249,51,380,667,92,390,345,24,356,249,53,247,145,1,128,390,29,234,404,404,404
11,7,22,117,95,249,349,62,129,480,26,367,199,92,246,136,7,160,457,62,336,404,404,404
18,7,22,112,43,247,137,10,145,799,53,445,378,87,368,370,2,480,567,88,558,404,404,404
25,7,22,347,43,355,569,9,360,688,28,558,240,67,566,369,89,270,469,93,139,404,404,404
1,8,22,145,8,170,169,63,788,360,91,128,679,28,477,480,20,569,447,55,230,404,404,404
8,8,22,560,13,689,457,61,399,267,55,447,236,18,170,234,99,225,568,91,119,404,404,404
15,8,22,404,404,404,459,83,247,467,74,347,133,79,450,890,78,459,113,56,556,404,404,404
22,8,22,139,38,800,224,84,446,115,73,148,566,71,399,588,14,257,345,21,470,404,404,404
29,8,22,680,47,458,779,36,178,404,404,404,139,38,134,679,21,399,135,95,357,404,404,404
5,9,22,169,66,178,225,90,668,478,94,158,288,88,279,366,50,668,146,15,230,404,404,404
12,9,22,570,25,339,359,72,390,249,59,225,137,19,478,900,93,580,578,9,234,404,404,404
19,9,22,236,15,140,488,0,118,258,57,340,456,50,136,249,57,250,229,36,880,404,404,404
26,9,22,169,63,229,145,6,349,379,97,566,157,38,477,128,17,223,189,86,358,404,404,404
3,10,22,249,59,199,368,78,468,160,73,689,990,88,369,330,63,490,899,62,237,404,404,404
10,10,22,120,38,189,156,29,469,580,33,689,230,57,269,268,66,556,380,11,137,404,404,404
17,10,22,899,63,580,269,73,346,257,48,288,667,98,440,148,39,180,370,2,679,404,404,404
31,10,22,268,64,239,799,52,589,467,74,455,118,5,799,239,48,125,235,0,190,404,404,404
7,11,22,569,8,170,178,67,133,148,31,678,128,15,339,170,84,699,177,52,589,404,404,404
14,11,22,126,95,339,226,7,377,560,13,120,260,82,147,236,18,350,389,2,129,404,404,404
21,11,22,360,97,557,579,11,470,269,74,149,380,11,470,159,56,330,279,85,447,404,404,404
28,11,22,156,27,557,230,55,690,124,79,379,227,16,150,790,62,246,790,65,258,404,404,404
5,12,22,148,32,570,179,78,116,122,53,599,480,29,900,124,75,258,290,15,889,404,404,404
12,12,22,136,9,559,489,11,678,135,93,580,680,48,350,380,19,126,448,66,556,404,404,404
19,12,22,670,37,124,144,96,457,189,80,235,458,78,170,170,85,159,178,62,138,404,404,404
26,12,22,468,81,245,790,60,569,900,95,889,578,1,335,199,95,690,158,44,789,404,404,404
2,1,23,120,30,578,166,33,355,390,25,447,177,56,367,146,16,457,120,31,290,404,404,404
9,1,23,450,98,350,568,90,136,258,53,139,457,66,358,235,8,288,390,29,568,404,404,404
16,1,23,478,91,155,589,25,267,156,28,279,790,60,127,456,55,249,130,43,148,404,404,404
23,1,23,699,41,399,388,91,236,256,33,120,404,404,404,144,96,259,123,66,240,404,404,404
30,1,23,258,58,378,468,89,126,189,83,157,569,7,250,236,13,238,699,48,116,404,404,404
6,2,23,568,98,279,134,82,237,126,94,789,455,45,267,356,44,590,140,56,600,404,404,404
13,2,23,278,73,148,559,91,137,169,68,189,389,1,470,160,71,146,378,87,133,404,404,404
20,2,23,347,46,448,380,11,560,377,72,480,147,27,133,336,26,556,130,42,480,404,404,404
27,2,23,117,98,369,668,6,790,246,24,158,170,83,580,267,57,115,468,87,890,404,404,404
6,3,23,369,84,239,780,50,370,404,404,404,789,46,259,780,53,256,126,97,160,404,404,404
13,3,23,336,20,370,134,80,136,668,9,289,448,65,122,590,48,279,669,10,118,404,404,404
20,3,23,479,4,158,678,14,248,344,19,667,390,20,118,259,67,269,456,58,125,404,404,404
27,3,23,589,22,129,677,5,780,378,88,279,148,32,246,280,9,577,488,0,370,404,404,404
3,4,23,230,58,224,458,72,200,377,73,346,460,9,180,580,37,449,457,64,789,404,404,404
10,4,23,890,77,340,589,26,268,120,36,240,120,33,788,137,15,780,580,37,160,404,404,404
17,4,23,223,72,679,346,34,266,248,45,230,557,73,256,226,2,660,569,3,689,404,404,404
24,4,23,790,60,136,260,88,125,770,47,566,799,55,113,146,14,770,340,72,336,404,404,404
1,5,23,250,73,148,110,26,790,248,40,578,145,4,789,110,25,249,280,6,367,404,404,404
8,5,23,449,78,990,550,2,237,679,26,600,449,73,166,880,61,290,369,84,680,404,404,404
15,5,23,780,55,230,349,64,356,100,13,689,336,23,229,123,67,160,479,5,140,404,404,404
22,5,23,189,83,689,359,77,269,130,44,167,167,46,259,258,59,180,358,69,289,404,404,404
29,5,23,167,41,137,440,87,160,467,79,180,368,77,250,560,11,669,378,84,266,404,404,404
5,6,23,567,83,490,247,30,550,267,50,389,889,52,589,460,9,199,899,62,679,404,404,404
12,6,23,456,56,349,200,28,459,169,61,236,244,4,220,336,29,450,467,75,357,404,404,404
19,6,23,334,6,600,225,97,124,147,23,139,399,13,139,577,93,238,690,50,280,404,404,404
26,6,23,236,10,190,150,63,355,259,68,350,145,4,167,690,54,130,267,57,340,404,404,404
3,7,23,267,55,780,130,47,269,127,8,189,578,9,360,567,86,259,245,14,446,404,404,404
10,7,23,138,21,236,147,20,389,269,78,459,237,24,770,390,24,590,479,3,157,404,404,404
17,7,23,270,96,358,344,19,234,890,77,566,357,53,238,680,42,345,558,88,233,404,404,404
24,7,23,234,90,226,339,52,778,470,11,137,139,37,700,156,20,677,440,81,245,404,404,404
31,7,23,660,24,149,400,42,129,690,59,360,789,40,677,778,28,800,279,84,158,404,404,404
7,8,23,589,25,690,250,77,467,399,10,235,380,10,460,279,87,467,580,32,147,404,404,404
14,8,23,134,86,178,404,404,404,138,28,990,590,48,125,156,25,249,116,84,680,404,404,404
21,8,23,404,404,404,248,44,789,133,79,469,229,35,456,113,59,360,470,11,146,404,404,404
28,8,23,689,35,799,378,82,246,134,87,160,690,54,130,139,31,489,139,31,236,404,404,404
4,9,23,250,76,178,590,40,460,489,13,256,150,62,237,247,32,480,180,97,377,404,404,404
11,9,23,357,59,234,158,43,247,146,11,128,279,84,167,136,5,348,458,78,369,404,404,404
18,9,23,690,57,278,114,64,680,137,16,600,350,80,127,116,81,128,125,84,680,404,404,404
25,9,23,158,46,178,489,16,790,370,8,279,119,11,335,279,85,258,150,60,460,404,404,404
2,10,23,170,80,299,260,85,140,799,53,346,459,84,347,130,40,235,180,94,167,404,404,404
9,10,23,489,16,457,469,92,390,680,45,447,118,3,355,244,6,899,224,87,377,404,404,404
16,10,23,677,3,355,136,2,336,137,18,134,227,13,599,467,79,117,235,0,569,404,404,404
23,10,23,889,56,268,390,27,467,668,1,560,157,36,259,467,77,340,478,98,170,404,404,404
30,10,23,167,44,789,389,1,236,235,2,345,458,78,990,700,71,470,349,67,278,404,404,404
6,11,23,680,47,179,580,38,378,228,26,349,190,0,127,404,404,404,404,404,404,404,404,404
20,11,23,269,78,125,499,27,115,340,71,245,500,50,280,447,59,667,248,43,229,404,404,404
27,11,23,778,21,470,356,44,220,690,59,234,127,3,157,280,3,157,139,34,220,404,404,404
4,12,23,448,68,477,337,35,690,290,11,489,126,99,144,259,67,377,114,69,126,404,404,404
11,12,23,120,33,346,378,81,245,115,72,390,460,2,129,199,99,289,348,54,789,404,404,404
18,12,23,780,50,569,145,9,234,280,5,339,248,41,245,800,84,257,119,18,350,404,404,404
25,12,23,670,37,890,234,92,156,167,46,169,156,22,390,349,65,348,156,27,359,404,404,404
1,1,24,146,13,166,580,36,240,670,35,348,249,59,225,128,17,269,578,4,257,404,404,404
8,1,24,689,35,348,280,6,240,446,47,340,556,61,146,156,23,670,158,40,280,404,404,404
15,1,24,369,83,670,179,76,448,370,0,578,140,56,457,290,11,560,356,44,257,404,404,404
22,1,24,119,17,449,558,85,177,389,8,350,569,3,229,404,404,404,166,33,148,404,404,404
29,1,24,470,14,446,166,32,679,167,44,347,134,86,169,238,37,467,560,13,670,404,404,404
5,2,24,126,97,188,700,73,157,227,16,330,223,79,180,389,5,168,578,8,134,404,404,404
12,2,24,190,7,458,113,54,356,790,68,224,457,67,359,149,42,570,347,46,240,404,404,404
19,2,24,350,80,299,557,71,344,689,34,149,270,94,888,119,16,259,169,65,889,404,404,404
26,2,24,349,65,159,380,10,668,347,43,148,138,24,356,170,84,149,145,3,689,404,404,404
4,3,24,379,94,167,267,59,144,179,72,200,458,71,146,369,80,370,779,30,569,404,404,404
11,3,24,469,96,178,249,50,280,170,89,478,250,79,234,449,71,344,124,74,130,404,404,404
18,3,24,189,80,145,358,61,146,149,40,118,236,12,246,569,7,124,258,59,559,404,404,404
25,3,24,404,404,404,467,71,290,160,74,257,148,37,250,148,33,148,130,49,360,404,404,404
1,4,24,480,24,239,238,34,149,140,53,670,155,12,499,138,29,577,399,17,250,404,404,404
8,4,24,155,15,159,247,38,279,137,19,559,390,27,467,270,95,230,359,70,127,404,404,404
15,4,24,347,40,127,458,77,124,234,96,169,110,24,158,278,77,179,456,55,357,404,404,404
22,4,24,250,70,280,779,30,334,246,28,279,489,12,200,399,13,337,448,69,126,404,404,404
29,4,24,157,30,677,189,85,140,125,89,568,245,12,480,268,64,347,169,63,670,404,404,404
6,5,24,689,30,244,135,91,290,255,25,357,380,14,356,133,72,200,389,4,347,404,404,404
13,5,24,469,95,339,790,64,590,279,87,133,137,17,890,359,77,124,489,17,467,404,404,404
20,5,24,360,99,289,500,59,135,150,68,369,558,84,347,445,31,146,380,14,699,404,404,404
27,5,24,599,30,677,670,35,456,118,2,147,499,22,255,169,60,460,179,73,139,404,404,404
3,6,24,146,18,189,370,0,299,389,7,250,367,61,579,359,77,269,449,76,330,404,404,404
10,6,24,146,14,356,990,89,180,278,77,377,255,20,578,147,26,880,135,91,146,404,404,404
17,6,24,124,71,236,589,22,110,458,73,346,270,90,460,148,38,125,340,73,148,404,404,404
24,6,24,169,69,450,470,10,244,250,78,369,356,45,140,257,49,126,247,31,777,404,404,404
1,7,24,278,71,489,238,31,335,466,63,247,359,78,350,590,49,117,567,82,138,404,404,404
8,7,24,289,91,380,129,24,248,157,30,190,456,53,788,157,36,178,245,12,660,404,404,404
15,7,24,679,20,190,388,92,228,556,62,237,199,95,456,159,52,237,249,56,457,404,404,404
22,7,24,460,6,349,400,43,788,280,5,348,333,92,589,788,34,455,477,84,400,404,404,404
29,7,24,366,50,334,249,52,138,580,32,589,226,0,280,680,45,267,236,16,358,404,404,404
5,8,24,778,25,177,270,93,166,689,39,126,299,3,337,145,2,679,190,9,379,404,404,404
12,8,24,350,86,150,346,33,256,358,67,188,404,404,404,599,34,220,250,82,480,404,404,404
19,8,24,189,83,337,267,56,790,113,51,470,260,81,335,567,82,499,160,79,360,404,404,404
26,8,24,159,55,690,345,21,137,145,8,558,229,35,799,457,69,568,247,31,128,404,404,404
2,9,24,345,27,340,168,51,236,459,86,268,137,11,489,145,2,390,404,404,404,404,404,404
9,9,24,235,5,357,467,72,237,289,98,233,235,2,228,234,91,579,558,86,114,404,404,404
16,9,24,233,88,800,558,80,118,449,75,366,460,0,389,489,19,126,349,61,470,404,404,404
23,9,24,189,82,228,136,5,339,467,71,560,369,89,270,334,9,450,256,35,140,404,404,404
30,9,24,129,21,560,138,27,250,789,41,128,168,53,120,230,58,468,267,56,150,404,404,404
7,10,24,440,86,457,247,39,667,699,48,369,344,10,488,258,57,278,256,37,359,404,404,404
14,10,24,488,5,258,670,31,579,678,13,120,380,19,144,447,52,345,579,13,247,404,404,404
21,10,24,358,65,122,280,4,347,290,15,500,269,77,223,157,38,125,590,41,119,404,404,404
4,11,24,404,404,404,404,404,404,168,51,380,337,30,145,239,47,467,367,67,467,404,404,404
11,11,24,140,56,178,369,88,468,140,51,245,226,8,369,677,7,458,577,92,778,404,404,404
18,11,24,690,57,124,479,1,146,356,48,125,779,35,258,128,15,348,190,5,258,404,404,404
25,11,24,600,63,346,678,12,138,380,69,559,570,21,344,466,62,200,379,96,240,404,404,404
2,12,24,357,57,566,170,86,259,589,24,167,168,57,278,180,98,440,226,7,250,404,404,404
9,12,24,459,89,478,157,37,179,479,2,345,189,80,127,255,24,680,900,92,589,404,404,404
16,12,24,466,64,590,380,16,268,127,5,690,146,16,349,780,51,245,560,12,147,404,404,404
23,12,24,450,91,588,479,6,790,239,49,478,120,33,256,347,48,369,245,16,349,404,404,404
30,12,24,167,41,560,129,28,233,136,8,459,240,69,450,589,25,159,690,52,390,404,404,404
6,1,25,289,97,467,130,44,680,356,44,167,127,4,248,349,62,237,800,88,279,404,404,404
13,1,25,247,33,166,230,51,119,334,5,113,390,26,457,440,83,779,277,64,356,404,404,404
20,1,25,667,92,110,149,43,355,578,0,460,248,46,556,290,18,125,246,21,489,404,404,404
27,1,25,880,67,377,260,82,390,140,56,600,888,43,599,799,58,260,477,89,180,404,404,404
3,2,25,800,89,450,799,52,390,678,19,144,112,43,166,380,10,370,358,64,590,404,404,404
10,2,25,679,26,600,136,9,559,235,1,669,477,85,159,668,6,600,239,42,660,404,404,404
17,2,25,110,24,770,250,79,199,250,75,177,150,68,170,258,54,239,135,90,668,404,404,404
24,2,25,770,41,290,258,53,689,169,63,157,399,10,334,488,3,346,290,10,488,404,404,404
3,3,25,238,39,559,379,90,389,239,48,440,188,71,560,236,19,270,689,36,123,404,404,404
10,3,25,469,93,139,788,38,666,590,46,790,558,82,390,404,303,404,347,41,579,404,404,404
17,3,25,470,13,120,669,17,359,790,61,380,190,6,556,470,17,566,240,66,880,404,404,404
24,3,25,149,43,139,233,80,145,347,49,135,280,3,788,220,45,690,250,75,113,404,404,404
31,3,25,149,48,468,147,28,468,380,15,267,240,65,889,137,17,188,459,85,447,404,404,404
7,4,25,578,9,180,356,45,500,790,67,250,178,68,369,890,74,130,589,23,157,404,404,404
14,4,25,137,11,119,147,27,467,389,7,278,246,27,557,689,39,667,678,13,120,404,404,404
21,4,25,229,32,110,166,30,334,468,85,168,488,0,488,225,99,469,350,85,159,404,404,404
28,4,25,579,14,130,460,8,369,478,91,128,800,82,156,460,8,567,789,44,257,404,303,404
5,5,25,200,20,190,190,2,156,388,97,179,378,80,244,469,90,235,159,58,189,404,303,404
12,5,25,299,10,244,145,9,135,139,36,457,780,53,247,440,88,233,248,47,340,404,303,404
19,5,25,280,5,267,123,67,458,568,92,237,345,21,290,159,52,156,177,54,220,404,303,404
26,5,25,116,80,235,345,27,278,115,75,447,770,47,115,149,45,168,699,42,138,404,303,404
2,6,25,567,86,259,116,85,177,404,303,404,404,303,404,404,303,404,404,303,404,404,303,404
9,6,25,404,303,404,404,303,404,404,303,404,404,303,404,404,303,404,404,303,404,404,303,404
16,6,25,404,303,404,404,303,404,404,303,404,404,303,404,404,303,404,404,303,404,404,303,404
23,6,25,404,303,404,404,303,404,404,303,404,404,303,404,404,303,404,404,303,404,404,303,404
30,6,25,404,303,404,404,303,404,404,303,404,404,303,404,404,303,404,404,303,404,404,303,404
7,7,25,404,303,404,404,303,404,404,303,404,404,303,404,404,303,404,404,303,404,404,303,404
14,7,25,404,303,404,404,303,404,404,303,404,404,303,404,404,303,404,404,303,404,404,303,404
21,7,25,404,303,404,404,303,404,404,303,404,404,303,404,404,303,404,404,303,404,404,303,404
21,7,25,404,303,404,404,303,404,404,303,404,404,303,404,404,303,404,404,303,404,404,303,404
28,7,25,404,303,404,404,303,404,404,303,404,404,303,404,404,303,404,404,303,404,404,303,404
4,8,25,404,303,404,404,303,404,404,303,404,404,303,404,404,303,404,404,303,404,404,303,404
11,8,25,404,303,404,404,303,404,404,303,404,404,303,404,404,303,404,404,303,404,404,303,404
18,8,25,404,303,404,404,303,404,404,303,404,404,303,404,404,303,404,404,303,404,404,303,404
25,8,25,404,303,404,404,303,404,404,303,404,404,303,404,404,303,404,404,303,404,404,303,404
8,9,25,404,303,404,404,303,404,404,303,404,404,303,404,404,303,404,404,303,404,404,303,404
15,9,25,404,303,404,404,303,404,404,303,404,404,303,404,404,303,404,404,303,404,404,303,404
22,9,25,404,303,404,404,303,404,404,303,404,404,303,404,404,303,404,404,303,404,404,303,404
29,9,25,404,303,404,404,303,404,404,303,404,404,303,404,404,303,404,404,303,404,404,303,404
6,10,25,404,303,404,404,303,404,404,303,404,404,303,404,404,303,404,404,303,404,404,303,404
13,10,25,404,303,404,404,303,404,404,303,404,404,303,404,404,303,404,404,303,404,404,303,404
20,10,25,404,303,404,404,303,404,404,303,404,404,303,404,404,303,404,404,303,404,404,303,404
27,10,25,404,303,404,404,303,404,404,303,404,404,303,404,404,303,404,404,303,404,404,303,404
3,11,25,404,303,404,404,303,404,404,303,404,404,303,404,404,303,404,404,303,404,404,303,404
10,11,25,404,303,404,404,303,404,404,303,404,404,303,404,404,303,404,404,303,404,404,303,404
17,11,25,404,303,404,404,303,404,404,303,404,404,303,404,404,303,404,404,303,404,404,303,404
24,11,25,404,404,404,404,404,404,404,404,404,404,404,404,404,404,404,404,404,404,404,404,404
8,12,25,404,404,404,404,404,404,404,404,404,404,404,404,404,404,404,404,404,404,404,404,404
15,12,25,404,404,404,404,404,404,404,404,404,404,404,404,404,404,404,404,404,404,404,404,404
22,12,25,404,404,404,404,404,404,404,404,404,404,404,404,404,404,404,404,404,404,404,404,404
29,12,25,404,404,404,404,404,404,404,404,404,404,404,404,404,404,404,404,404,404,404,404,404
